brand,category1,category2,product,options,price,amount,ingredients,image,url
에뛰드,아이,아이브로우,잉크 핏 컬러 브라우,"1호 다크 브라운
2호 내추럴 브라운
3호 라이트 브라운
4호 그레이 브라운
5호 핑크 골드
6호 오렌지 브론즈","8,000원",0.08 oz. / 2.3 g,"1호 
트리메칠실록시실리케이트, 디메치콘, 실리카, 쿼터늄-18헥토라이트, 이소도데칸, 폴리글리세릴-2트리이소스테아레이트, 1,2-헥산디올, 흑색산화철, 소르비탄세스퀴올리에이트, 마이카, 티타늄디옥사이드, 황색산화철, 적색산화철, 페녹시에탄올, 트리에톡시카프릴릴실란, 에칠헥실글리세린
2호 
트리메칠실록시실리케이트, 디메치콘, 실리카, 쿼터늄-18헥토라이트, 이소도데칸, 폴리글리세릴-2트리이소스테아레이트, 1,2-헥산디올, 황색산화철, 소르비탄세스퀴올리에이트, 마이카, 흑색산화철, 티타늄디옥사이드, 페녹시에탄올, 적색산화철, 트리에톡시카프릴릴실란, 에칠헥실글리세린
3호 
트리메칠실록시실리케이트, 디메치콘, 실리카, 쿼터늄-18헥토라이트, 이소도데칸, 폴리글리세릴-2트리이소스테아레이트, 1,2-헥산디올, 황색산화철, 소르비탄세스퀴올리에이트, 마이카, 티타늄디옥사이드, 페녹시에탄올, 흑색산화철, 적색산화철, 트리에톡시카프릴릴실란, 에칠헥실글리세린
4호 
트리메칠실록시실리케이트, 디메치콘, 실리카, 쿼터늄-18헥토라이트, 이소도데칸, 폴리글리세릴-2트리이소스테아레이트, 1,2-헥산디올, 티타늄디옥사이드, 흑색산화철, 소르비탄세스퀴올리에이트, 마이카, 황색산화철, 페녹시에탄올, 적색산화철, 트리에톡시카프릴릴실란, 에칠헥실글리세린
5호 
트리메칠실록시실리케이트, 디메치콘, 쿼터늄-18헥토라이트, 이소도데칸, 폴리글리세릴-2트리이소스테아레이트, 마이카, 실리카, 티타늄디옥사이드, 1,2-헥산디올, 적색산화철, 소르비탄세스퀴올리에이트, 칼슘알루미늄보로실리케이트, 페녹시에탄올, 흑색산화철, 황색산화철, 에칠헥실글리세린, 트리에톡시카프릴릴실란, 틴옥사이드
6호 
트리메칠실록시실리케이트, 디메치콘, 쿼터늄-18헥토라이트, 실리카, 이소도데칸, 폴리글리세릴-2트리이소스테아레이트, 마이카, 1,2-헥산디올, 티타늄디옥사이드, 적색산화철, 황색산화철, 소르비탄세스퀴올리에이트, 페녹시에탄올, 흑색산화철, 트리에톡시카프릴릴실란, 에칠헥실글리세린",http://image.etude.co.kr/upload/product/320_20170613135108933.jpg,http://www.etude.co.kr/product.do?method=view&prdCd=101004085
에뛰드,아이,아이브로우,드로잉 슬림 아이브라우 1.5mm,"1호 다크 브라운
2호 내추럴 브라운
3호 라이트 브라운
4호 그레이 브라운
5호 레드 브라운
6호 소프트 블랙","4,800원",0.001 0z. / 0.05 g,"1호 
하이드로제네이티드콩오일, 하이드로제네이티드코코-글리세라이드, 흑색산화철, 폴리에칠렌, 카나우바왁스, 징크스테아레이트, 황색산화철, 폴리글리세릴-2트리이소스테아레이트, 하이드로제네이티드코코넛오일, 마이카, 적색산화철, 하이드로제네이티드식물성오일, 티타늄디옥사이드, 메치콘
2호 
하이드로제네이티드콩오일, 하이드로제네이티드코코-글리세라이드, 폴리에칠렌, 흑색산화철, 카나우바왁스, 징크스테아레이트, 황색산화철, 폴리글리세릴-2트리이소스테아레이트, 하이드로제네이티드코코넛오일, 적색산화철, 티타늄디옥사이드, 하이드로제네이티드식물성오일, 마이카, 메치콘
3호 
하이드로제네이티드콩오일, 하이드로제네이티드코코-글리세라이드, 폴리에칠렌, 카나우바왁스, 징크스테아레이트, 티타늄디옥사이드, 황색산화철, 흑색산화철, 폴리글리세릴-2트리이소스테아레이트, 하이드로제네이티드코코넛오일, 적색산화철, 하이드로제네이티드식물성오일, 마이카, 메치콘
4호 
하이드로제네이티드콩오일, 하이드로제네이티드코코-글리세라이드, 흑색산화철, 폴리에칠렌, 카나우바왁스, 징크스테아레이트, 티타늄디옥사이드, 폴리글리세릴-2트리이소스테아레이트, 하이드로제네이티드코코넛오일, 황색산화철, 적색산화철, 하이드로제네이티드식물성오일, 마이카, 메치콘
5호 
하이드로제네이티드콩오일, 하이드로제네이티드코코-글리세라이드, 폴리에칠렌, 카나우바왁스, 징크스테아레이트, 흑색산화철, 티타늄디옥사이드, 적색산화철, 황색산화철, 폴리글리세릴-2트리이소스테아레이트, 하이드로제네이티드코코넛오일, 하이드로제네이티드식물성오일, 마이카, 메치콘
6호 
하이드로제네이티드콩오일, 하이드로제네이티드코코-글리세라이드, 흑색산화철, 폴리에칠렌, 카나우바왁스, 징크스테아레이트, 폴리글리세릴-2트리이소스테아레이트, 마이카, 하이드로제네이티드코코넛오일, 하이드로제네이티드식물성오일, 메치콘",http://image.etude.co.kr/upload/product/320_20170615113554703.jpg,http://www.etude.co.kr/product.do?method=view&prdCd=101004084
에뛰드,립 ,립스틱,디어 마이 매트 틴팅 립스 톡,"BR401 레터링브라운
RD301 셀럽레드
RD302 스웨그 비비드레드
RD303 쇼미더레드
OR201 스포티지 오렌지
PK001 썸씽코랄핑크
PK002 어바웃핑크
PK003 슬랙스로지 핑크
BE101 스키니베이지
PP501 오버핏퍼플","8,000원",3 g /0.10 oz.,"BR401레터링브라운
옥틸도데칸올, 폴리메칠실세스퀴옥산, 디카프릴릴카보네이트, 옥틸도데실네오펜타노에이트, 마이카, 실리카, 폴리글리세릴-2디이소스테아레이트, 티타늄디옥사이드 (CI 77891), 합성왁스, 적색산화철, 펜타에리스리틸테트라이소스테아레이트, 마이크로크리스탈린왁스, 폴리에칠렌, 폴리글리세릴-2트리이소스테아레이트, 칸데릴라왁스, 폴리하이드록시스테아릭애씨드, 디스테아디모늄헥토라이트, 적색202호, 흑색산화철, 디이소스테아릴말레이트, 향료, 적색227호, 메치콘, 카나우바왁스, 청색1호, 석류추출물, 정제수, 프로필렌글라이콜, 부틸렌글라이콜, 라즈베리추출물

RD301셀럽레드
옥틸도데칸올, 폴리메칠실세스퀴옥산, 디카프릴릴카보네이트, 옥틸도데실네오펜타노에이트, 폴리글리세릴-2트리이소스테아레이트, 마이카, 적색202호, 실리카, 합성왁스, 펜타에리스리틸테트라이소스테아레이트, 마이크로크리스탈린왁스, 폴리에칠렌, 칸데릴라왁스, 적색201호, 폴리하이드록시스테아릭애씨드, 디스테아디모늄헥토라이트, 적색226호, 티타늄디옥사이드 (CI 77891), 디이소스테아릴말레이트, 향료, 메치콘, 카나우바왁스, 알루미늄하이드록사이드, 트리에톡시카프릴릴실란, 석류추출물, 정제수, 프로필렌글라이콜, 부틸렌글라이콜, 라즈베리추출물

RD302스웨그비비드레드
옥틸도데칸올, 폴리메칠실세스퀴옥산, 디카프릴릴카보네이트, 옥틸도데실네오펜타노에이트, 폴리글리세릴-2트리이소스테아레이트, 마이카, 실리카, 합성왁스, 적색104호의(1), 펜타에리스리틸테트라이소스테아레이트, 황색5호, 마이크로크리스탈린왁스, 폴리에칠렌, 칸데릴라왁스, 티타늄디옥사이드 (CI 77891), 폴리하이드록시스테아릭애씨드, 디스테아디모늄헥토라이트, 폴리글리세릴-2디이소스테아레이트, 향료, 메치콘, 카나우바왁스, 석류추출물, 정제수, 프로필렌글라이콜, 부틸렌글라이콜, 라즈베리추출물

RD303쇼미더레드
옥틸도데칸올, 폴리메칠실세스퀴옥산, 디카프릴릴카보네이트, 옥틸도데실네오펜타노에이트, 폴리글리세릴-2트리이소스테아레이트, 마이카, 실리카, 합성왁스, 적색103호의(1), 펜타에리스리틸테트라이소스테아레이트, 적색226호, 마이크로크리스탈린왁스, 폴리에칠렌, 칸데릴라왁스, 황색5호, 디스테아디모늄헥토라이트, 폴리하이드록시스테아릭애씨드, 향료, 적색202호, 메치콘, 카나우바왁스, 석류추출물, 정제수, 프로필렌글라이콜, 부틸렌글라이콜, 라즈베리추출물

OR201스포티지오렌지
옥틸도데칸올, 폴리메칠실세스퀴옥산, 디카프릴릴카보네이트, 옥틸도데실네오펜타노에이트, 폴리글리세릴-2트리이소스테아레이트, 마이카, 실리카, 티타늄디옥사이드 (CI 77891), 합성왁스, 황색5호, 펜타에리스리틸테트라이소스테아레이트, 폴리글리세릴-2디이소스테아레이트, 마이크로크리스탈린왁스, 폴리에칠렌, 칸데릴라왁스, 적색201호, 황색4호, 폴리하이드록시스테아릭애씨드, 디스테아디모늄헥토라이트, 향료, 메치콘, 카나우바왁스, 석류추출물, 정제수, 프로필렌글라이콜, 부틸렌글라이콜, 라즈베리추출물

PK001썸씽코랄핑크
옥틸도데칸올, 폴리메칠실세스퀴옥산, 디카프릴릴카보네이트, 옥틸도데실네오펜타노에이트, 티타늄디옥사이드 (CI 77891), 실리카, 마이카, 폴리글리세릴-2디이소스테아레이트, 합성왁스, 폴리글리세릴-2트리이소스테아레이트, 펜타에리스리틸테트라이소스테아레이트, 마이크로크리스탈린왁스, 폴리에칠렌, 적색201호, 칸데릴라왁스, 폴리하이드록시스테아릭애씨드, 디스테아디모늄헥토라이트, 적색202호, 적색산화철, 향료, 메치콘, 카나우바왁스, 석류추출물, 정제수, 프로필렌글라이콜, 부틸렌글라이콜, 라즈베리추출물

PK002어바웃핑크
옥틸도데칸올, 폴리메칠실세스퀴옥산, 디카프릴릴카보네이트, 옥틸도데실네오펜타노에이트, 폴리글리세릴-2트리이소스테아레이트, 마이카, 실리카, 합성왁스, 펜타에리스리틸테트라이소스테아레이트, 적색103호의(1), 티타늄디옥사이드 (CI 77891), 마이크로크리스탈린왁스, 폴리에칠렌, 디이소스테아릴말레이트, 황색5호, 칸데릴라왁스, 폴리하이드록시스테아릭애씨드, 디스테아디모늄헥토라이트, 적색104호의(1), 적색202호, 향료, 적색산화철, 메치콘, 알루미늄하이드록사이드, 카나우바왁스, 트리에톡시카프릴릴실란, 석류추출물, 정제수, 프로필렌글라이콜, 부틸렌글라이콜, 라즈베리추출물

PK003슬랙스로지핑크
옥틸도데칸올, 폴리메칠실세스퀴옥산, 디카프릴릴카보네이트, 옥틸도데실네오펜타노에이트, 마이카, 실리카, 합성왁스, 티타늄디옥사이드 (CI 77891), 폴리글리세릴-2트리이소스테아레이트, 알루미나, 펜타에리스리틸테트라이소스테아레이트, 폴리글리세릴-2디이소스테아레이트, 마이크로크리스탈린왁스, 폴리에칠렌, 적색202호, 칸데릴라왁스, 적색산화철, 폴리하이드록시스테아릭애씨드, 디스테아디모늄헥토라이트, 디이소스테아릴말레이트, 적색201호, 향료, 메치콘, 카나우바왁스, 틴옥사이드, 석류추출물, 정제수, 프로필렌글라이콜, 부틸렌글라이콜, 라즈베리추출물

BE101스키니베이지
옥틸도데칸올, 폴리메칠실세스퀴옥산, 디카프릴릴카보네이트, 옥틸도데실네오펜타노에이트, 티타늄디옥사이드 (CI 77891), 폴리글리세릴-2디이소스테아레이트, 실리카, 마이카, 합성왁스, 펜타에리스리틸테트라이소스테아레이트, 적색산화철, 마이크로크리스탈린왁스, 폴리에칠렌, 폴리글리세릴-2트리이소스테아레이트, 디이소스테아릴말레이트, 칸데릴라왁스, 폴리하이드록시스테아릭애씨드, 적색201호, 디스테아디모늄헥토라이트, 향료, 적색202호, 메치콘, 청색1호, 카나우바왁스, 석류추출물, 정제수, 프로필렌글라이콜, 부틸렌글라이콜, 라즈베리추출물

PP501오버핏퍼플
옥틸도데칸올, 폴리메칠실세스퀴옥산, 디카프릴릴카보네이트, 옥틸도데실네오펜타노에이트, 폴리글리세릴-2트리이소스테아레이트, 실리카, 마이카, 적색104호의(1), 합성왁스, 펜타에리스리틸테트라이소스테아레이트, 마이크로크리스탈린왁스, 폴리에칠렌, 칸데릴라왁스, 티타늄디옥사이드 (CI 77891), 적색202호, 디이소스테아릴말레이트, 디스테아디모늄헥토라이트, 폴리하이드록시스테아릭애씨드, 향료, 메치콘, 청색1호, 적색201호, 카나우바왁스, 알루미늄하이드록사이드, 트리에톡시카프릴릴실란, 석류추출물, 정제수, 프로필렌글라이콜, 부틸렌글라이콜, 라즈베리추출물",http://image.etude.co.kr/upload/product/320_20170615104338170.jpg,http://www.etude.co.kr/product.do?method=view&prdCd=102001302
에뛰드,스킨케어,스킨,특가구성★원더포어 프레쉬너 리필 500ml+스페셜GIFT,,"11,000원",500ml,"정제수, 에탄올, 부틸렌글라이콜, 베타인, 박하추출물, 빌베리열매/잎추출물, 사탕수수추출물, 레몬추출물, 오렌지추출물,편백수, 은행잎추출물, 설탕단풍추출물, 겐티아나추출물, 쓴쑥추출물, 아르니카꽃추출물, 서양톱풀추출물, 글리세레스-26, 글리세린, 에칠헥실글리세린, 소듐하이알루로네이트, 아세틱애씨드, 디소듐이디티에이, 페녹시에탄올",http://image.etude.co.kr/upload/product/320_20170608140639560.jpg,http://www.etude.co.kr/product.do?method=view&prdCd=105001136
에뛰드,스킨케어,스킨,원더포어 프레쉬너 티슈 30매,,"6,000원",30매,"정제수, 에탄올, 부틸렌글라이콜, 베타인, 박하추출물, 빌베리열매/잎추출물, 사탕수수추출물, 레몬추출물, 오렌지추출물, 편백수, 은행잎추출물, 설탕단풍추출물, 겐티아나추출물, 쓴쑥추출물, 아르니카꽃추출물, 서양톱풀추출물, 글리세레스-26, 글리세린, 에칠헥실글리세린, 소듐하이알루로네이트, 디소듐이디티에이, 페녹시에탄올",http://image.etude.co.kr/upload/product/320_20170607101904889.jpg,http://www.etude.co.kr/product.do?method=view&prdCd=105001139
에뛰드,스킨케어,스킨,원더포어 프레쉬너 티슈 10매,,"3,000원",10매,"정제수, 에탄올, 부틸렌글라이콜, 베타인, 박하추출물, 빌베리열매/잎추출물, 사탕수수추출물, 레몬추출물, 오렌지추출물, 편백수, 은행잎추출물, 설탕단풍추출물, 겐티아나추출물, 쓴쑥추출물, 아르니카꽃추출물, 서양톱풀추출물, 글리세레스-26, 글리세린, 에칠헥실글리세린, 소듐하이알루로네이트, 디소듐이디티에이, 페녹시에탄올",http://image.etude.co.kr/upload/product/320_20170607102322345.jpg,http://www.etude.co.kr/product.do?method=view&prdCd=105001138
에뛰드,립 ,립틴트,디어 달링 워터젤 틴트팩,"OR201 낑깡레드
OR202 오렌지레드
OR203 자몽레드
RD301 리얼레드
PK001 베리레드","5,000원",10 g /0.35 oz.,"낑깡레드 : 정제수, 폴리비닐알코올, 디프로필렌글라이콜, 1,2-헥산디올, 시트릭애씨드, 소듐시트레이트, 에탄올, 펜틸렌글라이콜, 부틸렌글라이콜, 향료, 사과추출물, 황색5호, 양벚나무열매추출물, 적색218호, 석류추출물, 알란토인, 디포타슘글리시리제이트, 꿀추출물, 페녹시에탄올, 소듐하이알루로네이트, 에칠헥실글리세린
오렌지레드 : 정제수, 폴리비닐알코올, 디프로필렌글라이콜, 1,2-헥산디올, 시트릭애씨드, 에탄올, 소듐시트레이트, 등색205호, 펜틸렌글라이콜, 부틸렌글라이콜, 향료, 사과추출물, 양벚나무열매추출물, 석류추출물, 알란토인, 적색218호, 디포타슘글리시리제이트, 꿀추출물, 페녹시에탄올, 소듐하이알루로네이트, 에칠헥실글리세린
자몽레드 : 정제수, 폴리비닐알코올, 디프로필렌글라이콜, 1,2-헥산디올, 시트릭애씨드, 에탄올, 소듐시트레이트, 펜틸렌글라이콜, 부틸렌글라이콜, 향료, 등색205호, 사과추출물, 양벚나무열매추출물, 적색227호, 석류추출물, 알란토인, 디포타슘글리시리제이트, 적색218호, 적색223호, 꿀추출물, 페녹시에탄올, 소듐하이알루로네이트, 에칠헥실글리세린
리얼레드 : 정제수, 폴리비닐알코올, 디프로필렌글라이콜, 1,2-헥산디올, 시트릭애씨드, 에탄올, 소듐시트레이트, 펜틸렌글라이콜, 등색205호, 적색227호, 부틸렌글라이콜, 향료, 사과추출물, 양벚나무열매추출물, 석류추출물, 적색223호, 알란토인, 디포타슘글리시리제이트, 적색218호, 꿀추출물, 페녹시에탄올, 소듐하이알루로네이트, 에칠헥실글리세린
베리레드 : 정제수, 폴리비닐알코올, 디프로필렌글라이콜, 1,2-헥산디올, 시트릭애씨드, 에탄올, 소듐시트레이트, 펜틸렌글라이콜, 부틸렌글라이콜, 향료, 적색227호, 사과추출물, 양벚나무열매추출물, 석류추출물, 적색218호, 알란토인, 디포타슘글리시리제이트, 꿀추출물, 페녹시에탄올, 청색1호, 소듐하이알루로네이트, 에칠헥실글리세린",http://image.etude.co.kr/upload/product/320_20170526143627607.jpg,http://www.etude.co.kr/product.do?method=view&prdCd=102003161
에뛰드,립 ,립틴트,디어 달링 워터젤 틴트,"RD306 샤크레드
PK004 통팥레드
PK005 오피치레드
RD307 수박레드
PK006 보석레드
OR205 살구레드","5,000원",4.5 g /0.15 oz.,"샤크레드 : 정제수, 글리세릴폴리메타크릴레이트, 글리세린, 프로판디올, 트레할로스,
펜틸렌글라이콜, 암모늄아크릴로일디메칠타우레이트/브이피코폴리머, 폴리소르베이트20, 트로메타민, 폴리아크릴레이트-13, 티타늄디옥사이드
(CI 77891), 적색227호, 황색5호, 폴리이소부텐, 데하이드로아세틱애씨드, 향료, 트리리프솝베리열매추출물, 실리카, 알루미나, 청색1호
통팥레드 : 정제수, 글리세릴폴리메타크릴레이트, 글리세린, 프로판디올, 트레할로스,
펜틸렌글라이콜, 암모늄아크릴로일디메칠타우레이트/브이피코폴리머, 폴리소르베이트20, 티타늄디옥사이드 (CI 77891), 트로메타민, 폴리아크릴
레이트-13, 폴리이소부텐, 데하이드로아세틱애씨드, 향료, 트리리프솝베리열매추출물, 황색5호, 적색227호, 실리카, 알루미나, 적색218호, 청색1호
오피치레드 : 정제수, 글리세릴폴리메타크릴레이트, 글리세린, 프로판디올, 트레할로스,
펜틸렌글라이콜, 암모늄아크릴로일디메칠타우레이트/브이피코폴리머, 폴리소르베이트20, 트로메타민, 폴리아크릴레이트-13, 티타늄디옥사이드
(CI 77891), 폴리이소부텐, 데하이드로아세틱애씨드, 향료, 트리리프솝베리열매추출물, 적색218호, 황색5호, 실리카, 적색227호, 알루미나
수박레드 : 정제수, 글리세릴폴리메타크릴레이트, 글리세린, 프로판디올, 트레할로스,
펜틸렌글라이콜, 암모늄아크릴로일디메칠타우레이트/브이피코폴리머, 폴리소르베이트20, 트로메타민, 폴리아크릴레이트-13, 티타늄디옥사이드
(CI 77891), 폴리이소부텐, 황색5호, 향료, 적색218호, 데하이드로아세틱애씨드, 트리리프솝베리열매추출물, 적색227호, 실리카, 알루미나
보석레드 : 정제수, 글리세릴폴리메타크릴레이트, 글리세린, 프로판디올, 트레할로스, 칼슘소듐보로실리케이트,
펜틸렌글라이콜, 암모늄아크릴로일디메칠타우레이트/브이피코폴리머, 폴리소르베이트20, 티타늄디옥사이드 (CI 77891), 트로메타민, 폴리아크릴
레이트-13, 폴리이소부텐, 실리카, 마이카, 향료, 데하이드로아세틱애씨드, 트리리프솝베리열매추출물, 적색산화철, 틴옥사이드, 황색4호, 적색218
호, 적색227호
살구레드 : 정제수, 글리세릴폴리메타크릴레이트, 글리세린, 프로판디올, 트레할로스,
펜틸렌글라이콜, 암모늄아크릴로일디메칠타우레이트/브이피코폴리머, 폴리소르베이트20, 트로메타민, 티타늄디옥사이드 (CI 77891), 폴리아크릴
레이트-13, 폴리이소부텐, 데하이드로아세틱애씨드, 황색4호, 향료, 트리리프솝베리열매추출물, 적색218호, 실리카, 적색227호, 알루미나",http://image.etude.co.kr/upload/product/320_20170526145308129.jpg,http://www.etude.co.kr/product.do?method=view&prdCd=102003160
에뛰드,네일,네일컬러,플레이 네일 Juice Recipe,"#91 블루베리가 퐁당
#92 딸기구름 스무디
#93 건강미 살구씨
#94 키위씨가 콕콕
#95 보나마나 바나나
#96 혼자서 홀짝 홍자몽
#97 심쿵한지 오렌지
#98 츄릅 애플주스
#99 피치못할 주스
#100 시큼 뿜뿜 라임사워","3,000원",8 g,"#91 블루베리가 퐁당 : 부틸아세테이트, 나이트로셀룰로오스, 에칠아세테이트, 아크릴레이트코폴리머, 디프로필렌글라이콜디벤조에이트, 이소프로필알코올, 스테아랄코늄헥토라이트, 슈크로오스아세테이트이소부티레이트, 실리카디메칠실릴레이트, 에탄올, 티타늄디옥사이드, 옥토크릴렌, 칼슘알루미늄보로실리케이트, 마이카, 디실록산, 페릭페로시아나이드, 틴옥사이드, 적색201호

#92 딸기구름 스무디 : 부틸아세테이트, 에칠아세테이트, 나이트로셀룰로오스, 아크릴레이트코폴리머, 디프로필렌글라이콜디벤조에이트, 실리카디메칠실릴레이트, 폴리에칠렌테레프탈레이트, 이소프로필알코올, 스테아랄코늄헥토라이트, 티타늄디옥사이드, 캠퍼, 스타이렌/아크릴레이트코폴리머, 시트릭애씨드, 황색4호, 적색201호, 아세틸트리부틸시트레이트, 옥토크릴렌, 적색202호

#93 건강미 살구씨 : 부틸아세테이트, 에칠아세테이트, 나이트로셀룰로오스, 아크릴레이트코폴리머, 디프로필렌글라이콜디벤조에이트, 실리카디메칠실릴레이트, 폴리에칠렌테레프탈레이트, 이소프로필알코올, 티타늄디옥사이드, 스테아랄코늄헥토라이트, 스타이렌/아크릴레이트코폴리머, 캠퍼, 시트릭애씨드, 황색4호, 폴리우레탄-11, 아세틸트리부틸시트레이트, 적색201호, 옥토크릴렌, 알루미늄가루, 적색104호의(1), 적색202호

#94 키위씨가 콕콕 : 부틸아세테이트, 에칠아세테이트, 나이트로셀룰로오스, 아크릴레이트코폴리머, 디프로필렌글라이콜디벤조에이트, 실리카디메칠실릴레이트, 폴리에칠렌테레프탈레이트, 이소프로필알코올, 스테아랄코늄헥토라이트, 티타늄디옥사이드, 스타이렌/아크릴레이트코폴리머, 캠퍼, 황색401호, 시트릭애씨드, 청색404호, 폴리우레탄-11, 아세틸트리부틸시트레이트, 옥토크릴렌, 알루미늄가루, 황색5호, 청색205호

#95 보나마나 바나나 : 부틸아세테이트, 에칠아세테이트, 나이트로셀룰로오스, 아크릴레이트코폴리머, 디프로필렌글라이콜디벤조에이트, 실리카디메칠실릴레이트, 이소프로필알코올, 에칠렌/브이에이코폴리머, 칼슘알루미늄보로실리케이트, 스테아랄코늄헥토라이트, 티타늄디옥사이드, 스타이렌/아크릴레이트코폴리머, 캠퍼, 황색4호, 시트릭애씨드, 틴옥사이드, 아세틸트리부틸시트레이트, 황색401호, 옥토크릴렌, 폴리에칠렌테레프탈레이트

#96 혼자서홀짝홍자몽 : 부틸아세테이트, 에칠아세테이트, 나이트로셀룰로오스, 아크릴레이트코폴리머, 디프로필렌글라이콜디벤조에이트, 실리카디메칠실릴레이트, 이소프로필알코올, 스테아랄코늄헥토라이트, 티타늄디옥사이드, 스타이렌/아크릴레이트코폴리머, 캠퍼, 적색201호, 황색4호, 시트릭애씨드, 아세틸트리부틸시트레이트, 옥토크릴렌

#97 심쿵한지오렌지 : 부틸아세테이트, 나이트로셀룰로오스, 에칠아세테이트, 아크릴레이트코폴리머, 디프로필렌글라이콜디벤조에이트, 이소프로필알코올, 스테아랄코늄헥토라이트, 슈크로오스아세테이트이소부티레이트, 실리카디메칠실릴레이트, 에탄올, 황색5호, 옥토크릴렌, 디실록산, 티타늄디옥사이드, 적색201호

#98 츄릅 애플주스 : 부틸아세테이트, 에칠아세테이트, 나이트로셀룰로오스, 아크릴레이트코폴리머, 디프로필렌글라이콜디벤조에이트, 실리카디메칠실릴레이트, 이소프로필알코올, 스테아랄코늄헥토라이트, 캠퍼, 적색201호, 시트릭애씨드, 스타이렌/아크릴레이트코폴리머, 황색4호, 적색202호, 옥토크릴렌, 아세틸트리부틸시트레이트

#99 피치못할 주스 : 부틸아세테이트, 에칠아세테이트, 나이트로셀룰로오스, 아크릴레이트코폴리머, 폴리에칠렌테레프탈레이트, 디프로필렌글라이콜디벤조에이트, 실리카디메칠실릴레이트, 이소프로필알코올, 칼슘알루미늄보로실리케이트, 스테아랄코늄헥토라이트, 캠퍼, 폴리우레탄-11, 시트릭애씨드, 실리카, 티타늄디옥사이드, 옥토크릴렌, 틴옥사이드, 적색201호, 알루미늄가루, 스타이렌/아크릴레이트코폴리머, 황색4호, 아세틸트리부틸시트레이트, 적색202호

#100 시큼뿜뿜라임사워 : 부틸아세테이트, 에칠아세테이트, 나이트로셀룰로오스, 아크릴레이트코폴리머, 에칠렌/브이에이코폴리머, 디프로필렌글라이콜디벤조에이트, 실리카디메칠실릴레이트, 칼슘알루미늄보로실리케이트, 이소프로필알코올, 스테아랄코늄헥토라이트, 폴리에칠렌테레프탈레이트, 캠퍼, 시트릭애씨드, 틴옥사이드, 황색4호, 티타늄디옥사이드, 스타이렌/아크릴레이트코폴리머, 옥토크릴렌, 청색404호, 아세틸트리부틸시트레이트, 알루미늄가루, 황색5호",http://image.etude.co.kr/upload/product/320_20170615112736212.jpg,http://www.etude.co.kr/product.do?method=view&prdCd=104001185
에뛰드,아이,아이섀도우,캐시미어 핏 아이즈,"BE101 플랫 화이트
PK001 슈가 크림
BR401 진저 헤이즐넛
BR402 마카다미아 토스트
BR403 캐시미어 크레마
BR404 로즈 쇼콜라떼
OR201 피치허니 휘핑크림
RD301 로스티드 커피체리
RD302 카푸치노 시나몬
PP501 퍼플 카카오 라떼
BR405 가나슈 인텐소
BR406 모카 포트
BR407 에스프레소 콘파냐
BR408 룽고 그란데
BK801 롱 블랙","5,500원",2 g / 0.07 oz.,"BE101 플랫화이트 : 탤크, 옥수수전분, 징크스테아레이트, 실리카, 디메치콘, 디메치콘올, 마이카, 이소노닐이소노나노에이트, 탤크, 카프릴릭/카프릭트리글리세라이드, 포타슘소르베이트, 황색산화철, 카프릴릴글라이콜, 합성비즈왁스, 적색산화철, 디메치콘, 흑색산화철, 티타늄디옥사이드 (CI 77891), 비에이치티

PK001 슈가크림 : 탤크, 옥수수전분, 징크스테아레이트, 실리카, 디메치콘, 디메치콘올, 마이카, 이소노닐이소노나노에이트, 탤크, 카프릴릭/카프릭트리글리세라이드, 포타슘소르베이트, 카프릴릴글라이콜, 합성비즈왁스, 적색산화철, 카민, 황색산화철, 티타늄디옥사이드 (CI 77891), 울트라마린, 디메치콘, 비에이치티

BR401 진저헤이즐넛 : 탤크, 옥수수전분, 징크스테아레이트, 실리카, 디메치콘, 디메치콘올, 티타늄디옥사이드 (CI 77891), 마이카, 이소노닐이소노나노에이트, 탤크, 적색산화철, 카프릴릭/카프릭트리글리세라이드, 황색산화철, 흑색산화철, 포타슘소르베이트, 디메치콘, 카프릴릴글라이콜, 합성비즈왁스, 카민, 비에이치티

BR402 마카다미아토스트 :탤크, 옥수수전분, 징크스테아레이트, 실리카, 황색산화철, 디메치콘, 디메치콘올, 적색산화철, 마이카, 이소노닐이소노나노에이트, 탤크, 티타늄디옥사이드 (CI 77891), 카프릴릭/카프릭트리글리세라이드, 흑색산화철, 포타슘소르베이트, 디메치콘, 카프릴릴글라이콜, 합성비즈왁스, 카민, 비에이치티

BR403 캐시미어크레마 : 탤크, 옥수수전분, 징크스테아레이트, 실리카, 디메치콘, 디메치콘올, 마이카, 이소노닐이소노나노에이트, 탤크, 티타늄디옥사이드 (CI 77891), 울트라마린, 적색산화철, 카프릴릭/카프릭트리글리세라이드, 흑색산화철, 카민, 포타슘소르베이트, 디메치콘, 카프릴릴글라이콜, 합성비즈왁스, 황색산화철, 비에이치티

BR404 로즈쇼콜라떼 : 탤크, 옥수수전분, 징크스테아레이트, 실리카, 디메치콘, 디메치콘올, 마이카, 이소노닐이소노나노에이트, 탤크, 적색산화철, 흑색산화철, 카프릴릭/카프릭트리글리세라이드, 황색산화철, 카민, 포타슘소르베이트, 카프릴릴글라이콜, 합성비즈왁스, 디메치콘, 티타늄디옥사이드 (CI 77891), 비에이치티

OR201 피치허니휘핑크림 : 탤크, 옥수수전분, 징크스테아레이트, 실리카, 디메치콘, 디메치콘올, 황색4호, 마이카, 카민, 탤크, 이소노닐이소노나노에이트, 티타늄디옥사이드 (CI 77891), 카프릴릭/카프릭트리글리세라이드, 디메치콘, 포타슘소르베이트, 카프릴릴글라이콜, 합성비즈왁스, 비에이치티

RD301 로스티드커피체리 : 탤크, 옥수수전분, 징크스테아레이트, 적색산화철, 흑색산화철, 황색산화철, 실리카, 디메치콘, 디메치콘올, 마이카, 이소노닐이소노나노에이트, 탤크, 카민, 카프릴릭/카프릭트리글리세라이드, 흑색산화철, 티타늄디옥사이드 (CI 77891), 황색산화철, 디메치콘, 포타슘소르베이트, 카프릴릴글라이콜, 합성비즈왁스, 울트라마린, 비에이치티

RD302 카푸치노시나몬 : 탤크, 적색산화철, 흑색산화철, 황색산화철, 옥수수전분, 징크스테아레이트, 카민, 실리카, 흑색산화철, 울트라마린, 마이카, 이소노닐이소노나노에이트, 탤크, 디메치콘, 디메치콘올, 디메치콘, 카프릴릭/카프릭트리글리세라이드, 티타늄디옥사이드 (CI 77891), 황색산화철, 포타슘소르베이트, 카프릴릴글라이콜, 합성비즈왁스, 비에이치티

PP501 퍼플카카오라떼 : 탤크, 옥수수전분, 징크스테아레이트, 실리카, 디메치콘, 디메치콘올, 흑색산화철, 마이카, 이소노닐이소노나노에이트, 탤크, 카민, 카프릴릭/카프릭트리글리세라이드, 티타늄디옥사이드 (CI 77891), 적색산화철, 포타슘소르베이트, 울트라마린, 디메치콘, 카프릴릴글라이콜, 합성비즈왁스, 비에이치티

BR405 가나슈인텐소 : 탤크, 적색산화철, 흑색산화철, 옥수수전분, 징크스테아레이트, 실리카, 티타늄디옥사이드 (CI 77891), 마이카, 이소노닐이소노나노에이트, 탤크, 디메치콘, 디메치콘올, 디메치콘, 카프릴릭/카프릭트리글리세라이드, 황색산화철, 포타슘소르베이트, 카프릴릴글라이콜, 합성비즈왁스, 비에이치티

BR406 모카포트 : 탤크, 옥수수전분, 징크스테아레이트, 흑색산화철, 황색산화철, 실리카, 티타늄디옥사이드 (CI 77891), 적색산화철, 디메치콘, 디메치콘올, 마이카, 이소노닐이소노나노에이트, 탤크, 카민, 디메치콘, 카프릴릭/카프릭트리글리세라이드, 포타슘소르베이트, 카프릴릴글라이콜, 합성비즈왁스, 비에이치티

BR407 에스프레소콘파냐 : 탤크, 옥수수전분, 징크스테아레이트, 실리카, 디메치콘, 디메치콘올, 흑색산화철, 마이카, 이소노닐이소노나노에이트, 탤크, 황색산화철, 카프릴릭/카프릭트리글리세라이드, 티타늄디옥사이드 (CI 77891), 적색산화철, 카민, 포타슘소르베이트, 디메치콘, 카프릴릴글라이콜, 합성비즈왁스, 비에이치티

BR408 룽고그란데 : 탤크, 흑색산화철, 옥수수전분, 징크스테아레이트, 적색산화철, 실리카, 디메치콘, 디메치콘올, 마이카, 이소노닐이소노나노에이트, 탤크, 황색산화철, 디메치콘, 카프릴릭/카프릭트리글리세라이드, 카민, 포타슘소르베이트, 카프릴릴글라이콜, 합성비즈왁스, 비에이치티, 티타늄디옥사이드 (CI 77891)

BK801 롱블랙 : 흑색산화철, 탤크, 옥수수전분, 징크스테아레이트, 실리카, 디메치콘, 마이카, 이소노닐이소노나노에이트, 탤크, 카프릴릭/카프릭트리글리세라이드, 포타슘소르베이트, 카프릴릴글라이콜, 합성비즈왁스, 티타늄디옥사이드 (CI 77891), 디메치콘, 디메치콘올, 비에이치티",http://image.etude.co.kr/upload/product/320_20170531120136772.jpg,http://www.etude.co.kr/product.do?method=view&prdCd=101001333
에뛰드,아이,아이섀도우,새틴 핏 아이즈,"BE101 블랑 모스카토
PK001 로즈골드 샴페인
OR201 오렌지 스프릿츠
BR401 골든 치어스
BR402 커피 인 코냑
BR403 트러플 보드카
BR404 스윗 깔루아
BR405 모카 젤로 샷
BR406 초콜릿 마티니
BE102 크리미 에일
OR202 피치 모히토
RD301 로제 스윗 와인
PK002 샹그리아 글라스
PP501 샤또 보르도
PP502 리얼 뱅쇼","5,500원",2 g / 0.07 oz.,"BE101블랑모스카토 : 탤크, 마이카, 티타늄디옥사이드 (CI 77891), 틴옥사이드, 마이카, 적색산화철, 티타늄디옥사이드 (CI 77891), 마이카, 티타늄디옥사이드 (CI 77891), 틴옥사이드, 이소노닐이소노나노에이트, 페닐트리메치콘, 징크스테아레이트, 실리카, 마이카, 탤크, 세테아릴에칠헥사노에이트, 디메치콘, 하이드로제네이티드스타이렌/메칠스타이렌/인덴코폴리머, 펜타에리스리틸테트라-디-T-부틸하이드록시하이드로신나메이트, 포타슘소르베이트, 페녹시에탄올, 디메치콘, 적색산화철, 황색산화철, 흑색산화철, 카민

PK001로즈골드샴페인 : 탤크, 마이카, 적색산화철, 티타늄디옥사이드 (CI 77891), 마이카, 마이카, 티타늄디옥사이드 (CI 77891), 티타늄디옥사이드 (CI 77891), 이소노닐이소노나노에이트, 페닐트리메치콘, 징크스테아레이트, 실리카, 탤크, 세테아릴에칠헥사노에이트, 디메치콘, 하이드로제네이티드스타이렌/메칠스타이렌/인덴코폴리머, 펜타에리스리틸테트라-디-T-부틸하이드록시하이드로신나메이트, 포타슘소르베이트, 페녹시에탄올, 적색산화철, 디메치콘, 황색산화철, 흑색산화철

OR201오렌지스프릿츠 : 탤크, 알루미늄스타치옥테닐석시네이트, 마이카, 티타늄디옥사이드 (CI 77891), 마이카, 티타늄디옥사이드 (CI 77891), 탤크, 마이카, 카민, 황색산화철, 이소노닐이소노나노에이트, 페닐트리메치콘, 징크스테아레이트, 옥수수전분, 황색4호, 포타슘소르베이트, 페녹시에탄올, 디메치콘, 디메치콘올, 세테아릴에칠헥사노에이트, 디메치콘, 디메치콘, 하이드로제네이티드스타이렌/메칠스타이렌/인덴코폴리머, 펜타에리스리틸테트라-디-T-부틸하이드록시하이드로신나메이트

BR401골든치어스 : 탤크, 마이카, 적색산화철, 마이카, 적색산화철, 이소노닐이소노나노에이트, 페닐트리메치콘, 징크스테아레이트, 실리카, 마이카, 탤크, 흑색산화철, 마이카, 티타늄디옥사이드 (CI 77891), 세테아릴에칠헥사노에이트, 디메치콘, 하이드로제네이티드스타이렌/메칠스타이렌/인덴코폴리머, 펜타에리스리틸테트라-디-T-부틸하이드록시하이드로신나메이트, 흑색산화철, 페녹시에탄올, 포타슘소르베이트, 디메치콘, 적색산화철, 황색산화철

BR402커피인코냑 : 탤크, 알루미늄스타치옥테닐석시네이트, 마이카, 티타늄디옥사이드 (CI 77891), 틴옥사이드, 탤크, 마이카, 황색산화철, 흑색산화철, 적색산화철, 티타늄디옥사이드 (CI 77891), 이소노닐이소노나노에이트, 징크스테아레이트, 페닐트리메치콘, 옥수수전분, 포타슘소르베이트, 페녹시에탄올, 디메치콘, 디메치콘올, 디메치콘, 세테아릴에칠헥사노에이트, 디메치콘, 하이드로제네이티드스타이렌/메칠스타이렌/인덴코폴리머, 펜타에리스리틸테트라-디-T-부틸하이드록시하이드로신나메이트

BR403트러플보드카 : 탤크, 마이카, 적색산화철, 흑색산화철, 마이카, 적색산화철, 마이카, 적색산화철, 흑색산화철, 티타늄디옥사이드 (CI 77891), 탤크, 이소노닐이소노나노에이트, 적색산화철, 페닐트리메치콘, 징크스테아레이트, 흑색산화철, 실리카, 마이카, 티타늄디옥사이드 (CI 77891), 마이카, 황색산화철, 세테아릴에칠헥사노에이트, 디메치콘, 하이드로제네이티드스타이렌/메칠스타이렌/인덴코폴리머, 펜타에리스리틸테트라-디-T-부틸하이드록시하이드로신나메이트, 포타슘소르베이트, 페녹시에탄올, 디메치콘

BR404스윗깔루아 : 탤크, 마이카, 적색산화철, 흑색산화철, 티타늄디옥사이드 (CI 77891), 마이카, 적색산화철, 흑색산화철, 티타늄디옥사이드 (CI 77891), 이소노닐이소노나노에이트, 마이카, 티타늄디옥사이드 (CI 77891), 틴옥사이드, 페닐트리메치콘, 탤크, 마이카, 티타늄디옥사이드 (CI 77891), 징크스테아레이트, 흑색산화철, 실리카, 적색산화철, 마이카, 세테아릴에칠헥사노에이트, 디메치콘, 하이드로제네이티드스타이렌/메칠스타이렌/인덴코폴리머, 펜타에리스리틸테트라-디-T-부틸하이드록시하이드로신나메이트, 포타슘소르베이트, 페녹시에탄올, 황색산화철, 디메치콘

BR405모카젤로샷 : 탤크, 마이카, 적색산화철, 티타늄디옥사이드 (CI 77891), 마이카, 적색산화철, 이소노닐이소노나노에이트, 탤크, 페닐트리메치콘, 징크스테아레이트, 흑색산화철, 적색산화철, 실리카, 마이카, 세테아릴에칠헥사노에이트, 디메치콘, 하이드로제네이티드스타이렌/메칠스타이렌/인덴코폴리머, 펜타에리스리틸테트라-디-T-부틸하이드록시하이드로신나메이트, 황색산화철, 포타슘소르베이트, 페녹시에탄올, 디메치콘

BR406초콜릿마티니 : 탤크, 마이카, 마이카, 적색산화철, 티타늄디옥사이드 (CI 77891), 마이카, 티타늄디옥사이드 (CI 77891), 틴옥사이드, 이소노닐이소노나노에이트, 적색산화철, 페닐트리메치콘, 탤크, 징크스테아레이트, 실리카, 세테아릴에칠헥사노에이트, 디메치콘, 흑색산화철, 하이드로제네이티드스타이렌/메칠스타이렌/인덴코폴리머, 펜타에리스리틸테트라-디-T-부틸하이드록시하이드로신나메이트, 페녹시에탄올, 포타슘소르베이트, 디메치콘, 울트라마린

BE102크리미에일 : 탤크, 마이카, 적색산화철, 마이카, 티타늄디옥사이드 (CI 77891), 마이카, 티타늄디옥사이드 (CI 77891), 이소노닐이소노나노에이트, 페닐트리메치콘, 징크스테아레이트, 실리카, 마이카, 탤크, 마이카, 티타늄디옥사이드 (CI 77891), 세테아릴에칠헥사노에이트, 디메치콘, 하이드로제네이티드스타이렌/메칠스타이렌/인덴코폴리머, 펜타에리스리틸테트라-디-T-부틸하이드록시하이드로신나메이트, 포타슘소르베이트, 페녹시에탄올, 디메치콘, 적색산화철, 흑색산화철

OR202피치모히토 : 탤크, 마이카, 티타늄디옥사이드 (CI 77891), 알루미늄스타치옥테닐석시네이트, 탤크, 마이카, 티타늄디옥사이드 (CI 77891), 틴옥사이드, 이소노닐이소노나노에이트, 마이카, 황색4호, 페닐트리메치콘, 징크스테아레이트, 옥수수전분, 티타늄디옥사이드 (CI 77891), 마이카, 카민, 틴옥사이드, 카민, 페녹시에탄올, 포타슘소르베이트, 디메치콘, 디메치콘올, 세테아릴에칠헥사노에이트, 디메치콘, 디메치콘, 하이드로제네이티드스타이렌/메칠스타이렌/인덴코폴리머, 펜타에리스리틸테트라-디-T-부틸하이드록시하이드로신나메이트

RD301로제스윗와인 : 마이카, 티타늄디옥사이드 (CI 77891), 카민, 탤크, 마이카, 티타늄디옥사이드 (CI 77891), 틴옥사이드, 이소노닐이소노나노에이트, 탤크, 페닐트리메치콘, 카민, 징크스테아레이트, 실리카, 마이카, 적색산화철, 세테아릴에칠헥사노에이트, 디메치콘, 하이드로제네이티드스타이렌/메칠스타이렌/인덴코폴리머, 펜타에리스리틸테트라-디-T-부틸하이드록시하이드로신나메이트, 페녹시에탄올, 포타슘소르베이트, 흑색산화철, 디메치콘

PK002샹그리아글라스 : 탤크, 티타늄디옥사이드 (CI 77891), 마이카, 카민, 틴옥사이드, 마이카, 카민, 탤크, 이소노닐이소노나노에이트, 페닐트리메치콘, 마이카, 티타늄디옥사이드 (CI 77891), 틴옥사이드, 징크스테아레이트, 실리카, 세테아릴에칠헥사노에이트, 디메치콘, 하이드로제네이티드스타이렌/메칠스타이렌/인덴코폴리머, 펜타에리스리틸테트라-디-T-부틸하이드록시하이드로신나메이트, 적색산화철, 포타슘소르베이트, 페녹시에탄올, 디메치콘

PP501샤또보르도 : 탤크, 마이카, 티타늄디옥사이드 (CI 77891), 마이카, 티타늄디옥사이드 (CI 77891), 흑색산화철, 적색산화철, 카민, 이소노닐이소노나노에이트, 페닐트리메치콘, 징크스테아레이트, 탤크, 실리카, 적색산화철, 마이카, 세테아릴에칠헥사노에이트, 디메치콘, 흑색산화철, 하이드로제네이티드스타이렌/메칠스타이렌/인덴코폴리머, 펜타에리스리틸테트라-디-T-부틸하이드록시하이드로신나메이트, 카민, 페녹시에탄올, 포타슘소르베이트, 디메치콘

PP502리얼뱅쇼 : 탤크, 적색산화철, 마이카, 마이카, 적색산화철, 흑색산화철, 티타늄디옥사이드 (CI 77891), 흑색산화철, 탤크, 이소노닐이소노나노에이트, 페닐트리메치콘, 흑색산화철, 마이카, 티타늄디옥사이드 (CI 77891), 징크스테아레이트, 흑색산화철, 실리카, 마이카, 세테아릴에칠헥사노에이트, 디메치콘, 하이드로제네이티드스타이렌/메칠스타이렌/인덴코폴리머, 펜타에리스리틸테트라-디-T-부틸하이드록시하이드로신나메이트, 페녹시에탄올, 포타슘소르베이트, 디메치콘",http://image.etude.co.kr/upload/product/320_20170531115955360.jpg,http://www.etude.co.kr/product.do?method=view&prdCd=101001328
에뛰드,페이스,쿠션,애니 쿠션 올데이 퍼펙트 기획세트,"바닐라
페탈
베이지","32,000원",본품:14 g/리필:14 g/프라이머:10g,"픽스앤픽스 프라이머 03 라벤더: 정제수, 사이클로펜타실록산, 사이클로헥사실록산, 부틸렌글라이콜디카프릴레이트/디카프레이트, 에칠헥실메톡시신나메이트, 프로판디올, 글리세린, 페닐트리메치콘, 라우릴피이지-9폴리디메칠실록시에칠디메치콘, 티타늄디옥사이드, 나이아신아마이드, 징크옥사이드, 디스테아디모늄헥토라이트, 합성플루오르플로고파이트, 아크릴레이트/디메치콘코폴리머, 디메치콘/피이지-10/15 크로스폴리머, 디소듐이디티에이, 비닐디메치콘/메치콘실세스퀴옥산크로스폴리머, 소듐클로라이드, 스테아릭애씨드, 아데노신, 알루미늄하이드록사이드, 에칠헥실글리세린, 카프릴릴글라이콜, 트리에톡시카프릴릴실란, 틴옥사이드, 폴리메칠메타크릴레이트, 피이지-10 디메치콘, 티타늄디옥사이드 (CI 77891), 울트라마린

올데이 퍼펙트 바닐라: 해수, 사이클로펜타실록산, 징크옥사이드, 티타늄디옥사이드 (CI 77891), 에칠헥실메톡시신나메이트, 티타늄디옥사이드, 라우릴피이지-9폴리디메 칠실록시에칠디메치콘, 부틸렌글라이콜디카프릴레이트/디카프레이트, 트리메칠실록시실리케이트, 사이클로헥사실록산, 폴리글리세릴-2트리이소 스테아레이트, 부틸렌글라이콜, 프로판디올, 나이아신아마이드, 소르비탄이소스테아레이트, 디메치콘, 메칠메타크릴레이트크로스폴리머, 글리세린, 디메치콘크로스폴리머, 디소듐이디티에이, 디스테아디모늄헥토라이트, 매실추출물, 소듐클로라이드, 스테아릭애씨드, 아데노신, 알루미 늄하이드록사이드, 에칠헥실글리세린, 연꽃추출물, 정제수, 카프릴릴글라이콜, 트리에톡시카프릴릴실란, 폴리소르베이트40, 폴리소르베이트80, 폴 리실리콘-11, 하이드로제네이티드레시틴, 황색산화철, 적색산화철, 흑색산화철, 향료

올데이 퍼펙트 페탈: 해수, 사이클로펜타실록산, 징크옥사이드, 티타늄디옥사이드 (CI 77891), 에칠헥실메톡시신나메이트, 티타늄디옥사이드, 라우릴피이지-9폴리디메 칠실록시에칠디메치콘, 부틸렌글라이콜디카프릴레이트/디카프레이트, 트리메칠실록시실리케이트, 사이클로헥사실록산, 폴리글리세릴-2트리이소 스테아레이트, 부틸렌글라이콜, 프로판디올, 나이아신아마이드, 소르비탄이소스테아레이트, 디메치콘, 메칠메타크릴레이트크로스폴리머, 글리세린, 디메치콘크로스폴리머, 디소듐이디티에이, 디스테아디모늄헥토라이트, 매실추출물, 소듐클로라이드, 스테아릭애씨드, 아데노신, 알루미 늄하이드록사이드, 에칠헥실글리세린, 연꽃추출물, 정제수, 카프릴릴글라이콜, 트리에톡시카프릴릴실란, 폴리소르베이트40, 폴리소르베이트80, 폴 리실리콘-11, 하이드로제네이티드레시틴, 황색산화철, 적색산화철, 흑색산화철, 향료

올데이 퍼펙트 베이지: 해수, 사이클로펜타실록산, 징크옥사이드, 티타늄디옥사이드 (CI 77891), 에칠헥실메톡시신나메이트, 티타늄디옥사이드, 라우릴피이지-9폴리디메 칠실록시에칠디메치콘, 부틸렌글라이콜디카프릴레이트/디카프레이트, 트리메칠실록시실리케이트, 사이클로헥사실록산, 폴리글리세릴-2트리이소 스테아레이트, 부틸렌글라이콜, 프로판디올, 나이아신아마이드, 소르비탄이소스테아레이트, 디메치콘, 글리세린, 디메치콘크로스폴리머, 디소듐이디티에이, 디스테아디모늄헥토라이트, 매실추출물, 메칠메타크릴레이트크로스폴리머, 소듐클로라이드, 스테아릭애씨드, 아데노신, 알루미늄하이드록사이드, 에칠헥실글리세린, 연꽃추출물, 정제수, 카프릴릴글라이콜, 트리에톡시카프릴릴실란, 폴리소 르베이트40, 폴리소르베이트80, 폴리실리콘-11, 하이드로제네이티드레시틴, 황색산화철, 적색산화철, 흑색산화철, 향료",http://image.etude.co.kr/upload/product/320_20170531140517704.jpg,http://www.etude.co.kr/product.do?method=view&prdCd=103005008
에뛰드,립 ,립기타,컬러 픽스 립 탑코트,,"12,000원",4 g /0.14 oz.,"폴리퍼플루오르메칠이소프로필에텔, 실리카디메칠실릴레이트, 실리카, 향료, 쉐어버터, 아보카도오일, 스위트아몬드오일",http://image.etude.co.kr/upload/product/320_20170526150256617.jpg,http://www.etude.co.kr/product.do?method=view&prdCd=102005115
에뛰드,바디/헤어케어,바디보습,마이 아이디얼 바디 글로우 로션 200ml,,"10,000원",200ml,"정제수, 글리세린, 프로판디올, 사이클로펜타실록산, 1,2-헥산디올, 마이카, 폴리소르베이트60, 쉐어버터, 티타늄디옥사이드, 세테아릴알코올, 사이클로헥사실록산, 실리카, 디메치콘, 글리세릴스테아레이트, 소르비탄스테아레이트, 피이지-100스테아레이트, 페녹시에탄올, 카보머, 트로메타민, 하이드록시에칠아크릴레이트/소듐아크릴로일디메칠타우레이트코폴리머, 글리세릴카프릴레이트, 디메치콘올, 벤조페논-5, 디소듐이디티에이, 시트릭애씨드, 산호가루, 부틸렌글라이콜, 진주추출물, 적색227호, 황색4호, 향료",http://image.etude.co.kr/upload/product/320_20170531141016799.jpg,http://www.etude.co.kr/product.do?method=view&prdCd=107002081
에뛰드,바디/헤어케어,헤어,투톤 트리트먼트 헤어 컬러,"1호 미스테리 퍼플
2호 스파이시 레드
3호 페일 핑크
4호 포레스트 그린
5호 판타지 블루","8,000원",150ml,"미스테리퍼플 : 정제수, 세테아릴알코올, 벤질알코올, 스테아라미도프로필디메칠아민, 글리세린, 세트리모늄메토설페이트, 쿼터늄-87, 이소프로필알코올, 프로필렌글라이콜, 시트릭애씨드, 글리세릴스테아레이트, 피이지-100스테아레이트, 카프릴릴글라이콜, 폴리쿼터늄-10, 디소듐이디티에이, 마카다미아씨오일, 아마인오일, 바오밥나무씨오일, 카카오씨드버터, 야자씨드버터, 소듐클로라이드, 토코페롤, 향료, 염기성청색 99 호, 염기성적색 51 호
스파이시레드 : 정제수, 세테아릴알코올, 벤질알코올, 스테아라미도프로필디메칠아민, 글리세린, 세트리모늄메토설페이트, 쿼터늄-87, 이소프로필알코올, 프로필렌글라이콜, 시트릭애씨드, 글리세릴스테아레이트, 피이지-100스테아레이트, 카프릴릴글라이콜, 폴리쿼터늄-10, 디소듐이디티에이, 마카다미아씨오일, 아마인오일, 바오밥나무씨오일 , 카카오씨드버터, 야자씨드버터, 소듐클로라이드, 토코페롤, 향료, 염기성적색 51 호, 염기성황색 87 호
페일핑크 : 정제수, 세테아릴알코올, 벤질알코올, 스테아라미도프로필디메칠아민, 글리세린, 세트리모늄메토설페이트, 쿼터늄-87, 이소프로필알코올, 프로필렌글라이콜, 시트릭애씨드, 글리세릴스테아레이트, 피이지-100스테아레이트, 카프릴릴글라이콜, 폴리쿼터늄-10, 디소듐이디티에이, 마카다미아씨오일, 아마인오일, 바오밥나무씨오일, 카카오씨드버터, 야자씨드버터, 소듐클로라이드, 토코페롤, 향료, 염기성청색 99 호, 염기성적색 51 호
포레스트그린 : 정제수, 세테아릴알코올, 벤질알코올, 스테아라미도프로필디메칠아민, 글리세린, 세트리모늄메토설페이트, 쿼터늄-87, 이소프로필알코올, 프로필렌글라이콜, 시트릭애씨드, 글리세릴스테아레이트, 피이지-100스테아레이트, 카프릴릴글라이콜, 폴리쿼터늄-10, 디소듐이디티에이, 마카다미아씨오일, 아마인오일, 바오밥나무씨오일, 카카오씨드버터, 야자씨드버터, 소듐클로라이드, 토코페롤, 향료, 에치씨청색 15 호, 염기성황색 87 호
판타지블루 : 정제수, 세테아릴알코올, 벤질알코올, 스테아라미도프로필디메칠아민, 글리세린, 세트리모늄메토설페이트, 쿼터늄-87, 이소프로필알코올, 프로필렌글라이콜, 시트릭애씨드, 글리세릴스테아레이트, 피이지-100스테아레이트, 카프릴릴글라이콜, 폴리쿼터늄-10, 디소듐이디티에이, 마카다미아씨오일, 아마인오일, 바오밥나무씨오일, 카카오씨드버터, 야자씨드버터, 소듐클로라이드, 토코페롤, 향료, 에치씨청색 15 호, 염기성적색 51 호",http://image.etude.co.kr/upload/product/320_20170529100820006.jpg,http://www.etude.co.kr/product.do?method=view&prdCd=107006101
에뛰드,아이,아이섀도우,퍼스널 컬러 팔레트 프로 웜톤 아이즈,,"35,000원",0.03 oz. x 20 / 1 g x 20,"Sprinkler : 칼슘알루미늄보로실리케이트, 탤크, 실리카, 마이카, 티타늄디옥사이드, 트리에칠헥사노인, 카프릴릭/카프릭트리글리세라이드, 디이소스테아릴말레이트, 나일론-12, 디펜타에리스리틸헥사하이드록시스테아레이트/헥사스테아레이트/헥사로지네이트, 마그네슘스테아레이트, 틴옥사이드, 하이드로제네이티드레시틴, 카프릴릴글라이콜, 트리에톡시카프릴릴실란, 1,2-헥산디올, 에칠헥실글리세린, 메치콘, 적색202호, 적색산화철, 황색산화철, 흑색산화철

Pastel Breeze : 마이카, 탤크, 티타늄디옥사이드, 카프릴릭/카프릭트리글리세라이드, 디이소스테아릴말레이트, 트리에칠헥사노인, 합성플루오르플로고파이트, 나일론-12, 디펜타에리스리틸헥사하이드록시스테아레이트/헥사스테아레이트/헥사로지네이트, 실리카, 하이드로제네이티드레시틴, 마그네슘스테아레이트, 카프릴릴글라이콜, 메치콘, 디메치콘, 트리에톡시카프릴릴실란, 에칠헥실글리세린, 1,2-헥산디올, 적색202호, 황색산화철, 흑색산화철

Sunshine : 칼슘알루미늄보로실리케이트, 탤크, 실리카, 마이카, 티타늄디옥사이드, 카프릴릭/카프릭트리글리세라이드, 디이소스테아릴말레이트, 트리에칠헥사노인, 나일론-12, 디펜타에리스리틸헥사하이드록시스테아레이트/헥사스테아레이트/헥사로지네이트, 마그네슘스테아레이트, 틴옥사이드, 하이드로제네이티드레시틴, 카프릴릴글라이콜, 트리에톡시카프릴릴실란, 에칠헥실글리세린, 1,2-헥산디올, 황색5호, 황색4호

Tulip Festival : 마이카, 탤크, 티타늄디옥사이드, 카프릴릭/카프릭트리글리세라이드, 디이소스테아릴말레이트, 트리에칠헥사노인, 나일론-12, 디펜타에리스리틸헥사하이드록시스테아레이트/헥사스테아레이트/헥사로지네이트, 마그네슘스테아레이트, 실리카, 하이드로제네이티드레시틴, 디메치콘, 메치콘, 카프릴릴글라이콜, 트리에톡시카프릴릴실란, 에칠헥실글리세린, 1,2-헥산디올, 틴옥사이드, 적색202호, 황색5호

Clear Sky : 탤크, 마이카, 합성플루오르플로고파이트, 티타늄디옥사이드, 카프릴릭/카프릭트리글리세라이드, 디이소스테아릴말레이트, 트리에칠헥사노인, 나일론-12, 디펜타에리스리틸헥사하이드록시스테아레이트/헥사스테아레이트/헥사로지네이트, 마그네슘스테아레이트, 실리카, 알루미늄하이드록사이드, 하이드로제네이티드레시틴, 카프릴릴글라이콜, 틴옥사이드, 트리에톡시카프릴릴실란, 디메치콘, 메치콘, 에칠헥실글리세린, 1,2-헥산디올, 적색202호, 청색1호, 흑색산화철

Picnic : 탤크, 마이카, 글래스, 티타늄디옥사이드, 합성플루오르플로고파이트, 카프릴릭/카프릭트리글리세라이드, 디이소스테아릴말레이트, 트리에칠헥사노인, 나일론-12, 디펜타에리스리틸헥사하이드록시스테아레이트/헥사스테아레이트/헥사로지네이트, 마그네슘스테아레이트, 실리카, 하이드로제네이티드레시틴, 틴옥사이드, 카프릴릴글라이콜, 트리에톡시카프릴릴실란, 에칠헥실글리세린, 1,2-헥산디올, 황색4호, 적색산화철, 흑색산화철

Acoustic Brown : 탤크, 마이카, 글래스, 티타늄디옥사이드, 합성플루오르플로고파이트, 카프릴릭/카프릭트리글리세라이드, 디이소스테아릴말레이트, 트리에칠헥사노인, 나일론-12, 디펜타에리스리틸헥사하이드록시스테아레이트/헥사스테아레이트/헥사로지네이트, 마그네슘스테아레이트, 실리카, 하이드로제네이티드레시틴, 틴옥사이드, 카프릴릴글라이콜, 트리에톡시카프릴릴실란, 에칠헥실글리세린, 1,2-헥산디올, 황색4호, 적색산화철, 흑색산화철

Orange : 칼슘알루미늄보로실리케이트, 탤크, 마이카, 실리카, 트리에칠헥사노인, 카프릴릭/카프릭트리글리세라이드, 디이소스테아릴말레이트, 티타늄디옥사이드, 나일론-12, 디펜타에리스리틸헥사하이드록시스테아레이트/헥사스테아레이트/헥사로지네이트, 마그네슘스테아레이트, 틴옥사이드, 하이드로제네이티드레시틴, 카프릴릴글라이콜, 트리에톡시카프릴릴실란, 에칠헥실글리세린, 1,2-헥산디올, 적색202호, 황색4호

Blooming Garden : 마이카, 탤크, 티타늄디옥사이드, 카프릴릭/카프릭트리글리세라이드, 디이소스테아릴말레이트, 트리에칠헥사노인, 나일론-12, 디펜타에리스리틸헥사하이드록시스테아레이트/헥사스테아레이트/헥사로지네이트, 마그네슘스테아레이트, 실리카, 하이드로제네이티드레시틴, 디메치콘, 메치콘, 카프릴릴글라이콜, 트리에톡시카프릴릴실란, 에칠헥실글리세린, 1,2-헥산디올, 틴옥사이드, 적색202호, 황색4호, 적색산화철, 흑색산화철

Daisy : 탤크, 마이카, 칼슘알루미늄보로실리케이트, 실리카, 디이소스테아릴말레이트, 카프릴릭/카프릭트리글리세라이드, 트리에칠헥사노인, 티타늄디옥사이드, 나일론-12, 디펜타에리스리틸헥사하이드록시스테아레이트/헥사스테아레이트/헥사로지네이트, 마그네슘스테아레이트, 하이드로제네이티드레시틴, 틴옥사이드, 카프릴릴글라이콜, 디메치콘, 메치콘, 트리에톡시카프릴릴실란, 에칠헥실글리세린, 1,2-헥산디올, 황색4호, 적색산화철, 흑색산화철

Oatmeal Cookie : 탤크, 마이카, 합성플루오르플로고파이트, 티타늄디옥사이드, 트리에칠헥사노인, 디이소스테아릴말레이트, 카프릴릭/카프릭트리글리세라이드, 나일론-12, 디펜타에리스리틸헥사하이드록시스테아레이트/헥사스테아레이트/헥사로지네이트, 마그네슘스테아레이트, 실리카, 하이드로제네이티드레시틴, 카프릴릴글라이콜, 틴옥사이드, 트리에톡시카프릴릴실란, 에칠헥실글리세린, 1,2-헥산디올, 적색산화철, 흑색산화철

Olive Tree : 탤크, 합성플루오르플로고파이트, 마이카, 티타늄디옥사이드, 칼슘티타늄보로실리케이트, 카프릴릭/카프릭트리글리세라이드, 디이소스테아릴말레이트, 트리에칠헥사노인, 나일론-12, 디펜타에리스리틸헥사하이드록시스테아레이트/헥사스테아레이트/헥사로지네이트, 마그네슘스테아레이트, 실리카, 틴옥사이드, 메치콘, 하이드로제네이티드레시틴, 카프릴릴글라이콜, 트리에톡시카프릴릴실란, 에칠헥실글리세린, 1,2-헥산디올, 적색산화철, 황색산화철, 흑색산화철

Gold Jewelry : 탤크, 칼슘티타늄보로실리케이트, 합성플루오르플로고파이트, 티타늄디옥사이드, 트리에칠헥사노인, 카프릴릭/카프릭트리글리세라이드, 디이소스테아릴말레이트, 나일론-12, 마그네슘스테아레이트, 디펜타에리스리틸헥사하이드록시스테아레이트/헥사스테아레이트/헥사로지네이트, 마이카, 실리카, 카프릴릴글라이콜, 틴옥사이드, 트리에톡시카프릴릴실란, 에칠헥실글리세린, 1,2-헥산디올, 적색산화철, 흑색산화철

Trench Coat : 마이카, 탤크, 합성플루오르플로고파이트, 티타늄디옥사이드, 카프릴릭/카프릭트리글리세라이드, 트리에칠헥사노인, 디이소스테아릴말레이트, 나일론-12, 디펜타에리스리틸헥사하이드록시스테아레이트/헥사스테아레이트/헥사로지네이트, 마그네슘스테아레이트, 실리카, 하이드로제네이티드레시틴, 카프릴릴글라이콜, 트리에톡시카프릴릴실란, 메치콘, 디메치콘, 틴옥사이드, 에칠헥실글리세린, 1,2-헥산디올, 적색산화철, 황색산화철, 흑색산화철

Cinnamon Powder : 마이카, 탤크, 티타늄디옥사이드, 카프릴릭/카프릭트리글리세라이드, 트리에칠헥사노인, 디이소스테아릴말레이트, 나일론-12, 디펜타에리스리틸헥사하이드록시스테아레이트/헥사스테아레이트/헥사로지네이트, 마그네슘스테아레이트, 실리카, 하이드로제네이티드레시틴, 메치콘, 트리에톡시카프릴릴실란, 디메치콘, 카프릴릴글라이콜, 에칠헥실글리세린, 1,2-헥산디올, 적색산화철, 황색산화철, 흑색산화철

Suede Jacket : 탤크, 마이카, 티타늄디옥사이드, 합성플루오르플로고파이트, 트리에칠헥사노인, 디이소스테아릴말레이트, 카프릴릭/카프릭트리글리세라이드, 나일론-12, 디펜타에리스리틸헥사하이드록시스테아레이트/헥사스테아레이트/헥사로지네이트, 마그네슘스테아레이트, 실리카, 하이드로제네이티드레시틴, 카프릴릴글라이콜, 트리에톡시카프릴릴실란, 틴옥사이드, 에칠헥실글리세린, 1,2-헥산디올, 적색산화철, 흑색산화철

American : 마이카, 탤크, 트리에칠헥사노인, 카프릴릭/카프릭트리글리세라이드, 디이소스테아릴말레이트, 나일론-12, 디펜타에리스리틸헥사하이드록시스테아레이트/헥사스테아레이트/헥사로지네이트, 실리카, 하이드로제네이티드레시틴, 마그네슘스테아레이트, 메치콘, 디메치콘, 카프릴릴글라이콜, 트리에톡시카프릴릴실란, 에칠헥실글리세린, 1,2-헥산디올, 적색산화철, 황색산화철, 흑색산화철

Music Festival : 글래스, 칼슘티타늄보로실리케이트, 티타늄디옥사이드, 탤크, 마이카, 합성플루오르플로고파이트, 카프릴릭/카프릭트리글리세라이드, 트리에칠헥사노인, 디이소스테아릴말레이트, 나일론-12, 징크스테아레이트, 디펜타에리스리틸헥사하이드록시스테아레이트/헥사스테아레이트/헥사로지네이트, 메치콘, 실리카, 틴옥사이드, 카프릴릴글라이콜, 트리에톡시카프릴릴실란, 에칠헥실글리세린, 1,2-헥산디올, 적색산화철, 황색산화철, 흑색산화철

Wood Fire : 마이카, 탤크, 칼슘티타늄보로실리케이트, 티타늄디옥사이드, 카프릴릭/카프릭트리글리세라이드, 디이소스테아릴말레이트, 트리에칠헥사노인, 글래스, 나일론-12, 실리카, 디펜타에리스리틸헥사하이드록시스테아레이트/헥사스테아레이트/헥사로지네이트, 마그네슘스테아레이트, 하이드로제네이티드레시틴, 카프릴릴글라이콜, 트리에톡시카프릴릴실란, 메치콘, 디메치콘, 틴옥사이드, 에칠헥실글리세린, 1,2-헥산디올, 적색산화철, 황색산화철, 흑색산화철

Glamping : 마이카, 합성플루오르플로고파이트, 탤크, 티타늄디옥사이드, 칼슘티타늄보로실리케이트, 카프릴릭/카프릭트리글리세라이드, 트리에칠헥사노인, 디이소스테아릴말레이트, 나일론-12, 디펜타에리스리틸헥사하이드록시스테아레이트/헥사스테아레이트/헥사로지네이트, 마그네슘스테아레이트, 실리카, 하이드로제네이티드레시틴, 틴옥사이드, 카프릴릴글라이콜, 트리에톡시카프릴릴실란, 에칠헥실글리세린, 1,2-헥산디올, 적색산화철, 황색산화철, 흑색산화철",http://image.etude.co.kr/upload/product/320_20170518150602399.jpg,http://www.etude.co.kr/product.do?method=view&prdCd=101001327
에뛰드,아이,아이섀도우,퍼스널 컬러 팔레트 프로 쿨톤 아이즈,,"35,000원",0.03 oz. x 20 / 1 g x 20,"Vacation : 마이카, 탤크, 카프릴릭/카프릭트리글리세라이드, 디이소스테아릴말레이트, 트리에칠헥사노인, 나일론-12, 티타늄디옥사이드 (CI 77891), 디펜타에리스리틸헥사하이드록시스테아레이트/헥사스테아레이트/헥사로지네이트, 실리카, 황색산화철, 하이드로제네이티드레시틴, 마그네슘스테아레이트, 적색202호, 디메치콘, 메치콘, 카프릴릴글라이콜, 흑색산화철, 트리에톡시카프릴릴실란, 에칠헥실글리세린, 1,2-헥산디올

Skin Burn : 마이카, 탤크, 티타늄디옥사이드 (CI 77891), 황색산화철, 디이소스테아릴말레이트, 트리에칠헥사노인, 카프릴릭/카프릭트리글리세라이드, 합성플루오르플로고파이트, 나일론-12, 디펜타에리스리틸헥사하이드록시스테아레이트/헥사스테아레이트/헥사로지네이트, 실리카, 흑색산화철, 하이드로제네이티드레시틴, 마그네슘스테아레이트, 적색202호, 디메치콘, 메치콘, 카프릴릴글라이콜, 트리에톡시카프릴릴실란, 에칠헥실글리세린, 1,2-헥산디올, 틴옥사이드

Sand Castle : 마이카, 탤크, 카프릴릭/카프릭트리글리세라이드, 디이소스테아릴말레이트, 트리에칠헥사노인, 나일론-12, 디펜타에리스리틸헥사하이드록시스테아레이트/헥사스테아레이트/헥사로지네이트, 황색산화철, 흑색산화철, 실리카, 하이드로제네이티드레시틴, 마그네슘스테아레이트, 티타늄디옥사이드 (CI 77891), 메치콘, 디메치콘, 카프릴릴글라이콜, 적색202호, 트리에톡시카프릴릴실란, 에칠헥실글리세린, 1,2-헥산디올, 틴옥사이드

Wet Street :  마이카, 탤크, 망가니즈바이올렛, 티타늄디옥사이드 (CI 77891), 디이소스테아릴말레이트, 트리에칠헥사노인, 카프릴릭/카프릭트리글리세라이드, 나일론-12, 디펜타에리스리틸헥사하이드록시스테아레이트/헥사스테아레이트/헥사로지네이트, 적색산화철, 흑색산화철, 실리카, 하이드로제네이티드레시틴, 마그네슘스테아레이트, 디메치콘, 메치콘, 카프릴릴글라이콜, 트리에톡시카프릴릴실란, 에칠헥실글리세린, 1,2-헥산디올

Deep Sea Water : 칼슘알루미늄보로실리케이트, 마이카, 탤크, 실리카, 알루미늄하이드록사이드, 디이소스테아릴말레이트, 카프릴릭/카프릭트리글리세라이드, 트리에칠헥사노인, 티타늄디옥사이드 (CI 77891), 나일론-12, 청색1호, 디펜타에리스리틸헥사하이드록시스테아레이트/헥사스테아레이트/헥사로지네이트, 적색202호, 마그네슘스테아레이트, 하이드로제네이티드레시틴, 틴옥사이드, 카프릴릴글라이콜, 흑색산화철, 트리에톡시카프릴릴실란, 에칠헥실글리세린, 1,2-헥산디올

Champagne Party : 칼슘알루미늄보로실리케이트, 실리카, 마이카, 탤크, 티타늄디옥사이드 (CI 77891), 망가니즈바이올렛, 디이소스테아릴말레이트, 카프릴릭/카프릭트리글리세라이드, 트리에칠헥사노인, 나일론-12, 디펜타에리스리틸헥사하이드록시스테아레이트/헥사스테아레이트/헥사로지네이트, 마그네슘스테아레이트, 틴옥사이드, 하이드로제네이티드레시틴, 카프릴릴글라이콜, 적색202호, 알루미늄하이드록사이드, 트리에톡시카프릴릴실란, 에칠헥실글리세린, 1,2-헥산디올, 청색1호

Lilac Shower : 마이카, 탤크, 망가니즈바이올렛, 티타늄디옥사이드 (CI 77891), 디이소스테아릴말레이트, 트리에칠헥사노인, 카프릴릭/카프릭트리글리세라이드, 나일론-12, 디펜타에리스리틸헥사하이드록시스테아레이트/헥사스테아레이트/헥사로지네이트, 실리카, 하이드로제네이티드레시틴, 흑색산화철, 마그네슘스테아레이트, 적색202호, 황색산화철, 디메치콘, 메치콘, 카프릴릴글라이콜, 트리에톡시카프릴릴실란, 에칠헥실글리세린, 1,2-헥산디올, 틴옥사이드

Nude Beach : 마이카, 탤크, 칼슘티타늄보로실리케이트, 티타늄디옥사이드 (CI 77891), 망가니즈바이올렛, 디이소스테아릴말레이트, 카프릴릭/카프릭트리글리세라이드, 트리에칠헥사노인, 나일론-12, 흑색산화철, 디펜타에리스리틸헥사하이드록시스테아레이트/헥사스테아레이트/헥사로지네이트, 적색산화철, 마그네슘스테아레이트, 하이드로제네이티드레시틴, 실리카, 메치콘, 카프릴릴글라이콜, 트리에톡시카프릴릴실란, 디메치콘, 틴옥사이드, 에칠헥실글리세린, 1,2-헥산디올

Tanning Oil : 칼슘티타늄보로실리케이트, 탤크, 마이카, 흑색산화철, 티타늄디옥사이드 (CI 77891), 적색산화철, 디이소스테아릴말레이트, 카프릴릭/카프릭트리글리세라이드, 트리에칠헥사노인, 나일론-12, 디펜타에리스리틸헥사하이드록시스테아레이트/헥사스테아레이트/헥사로지네이트, 마그네슘스테아레이트, 실리카, 하이드로제네이티드레시틴, 카프릴릴글라이콜, 틴옥사이드, 트리에톡시카프릴릴실란, 에칠헥실글리세린, 1,2-헥산디올

Rich Lavender : 마이카, 탤크, 망가니즈바이올렛, 적색산화철, 디이소스테아릴말레이트, 카프릴릭/카프릭트리글리세라이드, 트리에칠헥사노인, 나일론-12, 실리카, 알루미늄하이드록사이드, 티타늄디옥사이드 (CI 77891), 디펜타에리스리틸헥사하이드록시스테아레이트/헥사스테아레이트/헥사로지네이트, 마그네슘스테아레이트, 청색1호, 하이드로제네이티드레시틴, 카프릴릴글라이콜, 흑색산화철, 틴옥사이드, 디메치콘, 메치콘, 트리에톡시카프릴릴실란, 에칠헥실글리세린, 1,2-헥산디올

Wild Magenta : 마이카, 탤크, 칼슘알루미늄보로실리케이트, 티타늄디옥사이드 (CI 77891), 적색202호, 디이소스테아릴말레이트, 카프릴릭/카프릭트리글리세라이드, 트리에칠헥사노인, 실리카, 나일론-12, 디펜타에리스리틸헥사하이드록시스테아레이트/헥사스테아레이트/헥사로지네이트, 마그네슘스테아레이트, 하이드로제네이티드레시틴, 카프릴릴글라이콜, 트리에톡시카프릴릴실란, 디메치콘, 메치콘, 황색산화철, 흑색산화철, 틴옥사이드, 에칠헥실글리세린, 1,2-헥산디올

Snow : 칼슘알루미늄보로실리케이트, 탤크, 마이카, 실리카, 티타늄디옥사이드 (CI 77891), 디이소스테아릴말레이트, 카프릴릭/카프릭트리글리세라이드, 트리에칠헥사노인, 나일론-12, 디펜타에리스리틸헥사하이드록시스테아레이트/헥사스테아레이트/헥사로지네이트, 징크스테아레이트, 틴옥사이드, 트리에톡시카프릴릴실란, 하이드로제네이티드레시틴, 카프릴릴글라이콜, 에칠헥실글리세린, 1,2-헥산디올

Handmade Purple : 마이카, 탤크, 티타늄디옥사이드 (CI 77891), 망가니즈바이올렛, 흑색산화철, 디이소스테아릴말레이트, 카프릴릭/카프릭트리글리세라이드, 트리에칠헥사노인, 나일론-12, 디펜타에리스리틸헥사하이드록시스테아레이트/헥사스테아레이트/헥사로지네이트, 실리카, 하이드로제네이티드레시틴, 마그네슘스테아레이트, 적색202호, 디메치콘, 메치콘, 카프릴릴글라이콜, 트리에톡시카프릴릴실란, 에칠헥실글리세린, 1,2-헥산디올, 틴옥사이드

Hot Chocolate : 마이카, 탤크, 흑색산화철, 디이소스테아릴말레이트, 카프릴릭/카프릭트리글리세라이드, 트리에칠헥사노인, 티타늄디옥사이드 (CI 77891), 나일론-12, 적색산화철, 황색산화철, 디펜타에리스리틸헥사하이드록시스테아레이트/헥사스테아레이트/헥사로지네이트, 실리카, 하이드로제네이티드레시틴, 적색202호, 마그네슘스테아레이트, 디메치콘, 메치콘, 카프릴릴글라이콜, 트리에톡시카프릴릴실란, 에칠헥실글리세린, 1,2-헥산디올, 틴옥사이드

Bare Skin : 마이카, 탤크, 티타늄디옥사이드 (CI 77891), 디이소스테아릴말레이트, 카프릴릭/카프릭트리글리세라이드, 트리에칠헥사노인, 나일론-12, 디펜타에리스리틸헥사하이드록시스테아레이트/헥사스테아레이트/헥사로지네이트, 실리카, 하이드로제네이티드레시틴, 적색산화철, 마그네슘스테아레이트, 메치콘, 디메치콘, 카프릴릴글라이콜, 흑색산화철, 트리에톡시카프릴릴실란, 황색산화철, 적색202호, 에칠헥실글리세린, 1,2-헥산디올, 틴옥사이드

Candle Light : 흑색산화철, 마이카, 적색산화철, 칼슘알루미늄보로실리케이트, 실리카, 디이소스테아릴말레이트, 카프릴릭/카프릭트리글리세라이드, 트리에칠헥사노인, 나일론-12, 디펜타에리스리틸헥사하이드록시스테아레이트/헥사스테아레이트/헥사로지네이트, 티타늄디옥사이드 (CI 77891), 마그네슘스테아레이트, 트리에톡시카프릴릴실란, 카프릴릴글라이콜, 틴옥사이드, 에칠헥실글리세린, 1,2-헥산디올, 하이드로제네이티드레시틴

Jingle Bell : 마이카, 탤크, 칼슘알루미늄보로실리케이트, 티타늄디옥사이드 (CI 77891), 황색산화철, 적색산화철, 합성플루오르플로고파이트, 흑색산화철, 디이소스테아릴말레이트, 카프릴릭/카프릭트리글리세라이드, 트리에칠헥사노인, 실리카, 나일론-12, 디펜타에리스리틸헥사하이드록시스테아레이트/헥사스테아레이트/헥사로지네이트, 적색202호, 마그네슘스테아레이트, 메치콘, 하이드로제네이티드레시틴, 카프릴릴글라이콜, 틴옥사이드, 트리에톡시카프릴릴실란, 에칠헥실글리세린, 1,2-헥산디올

Holy Night : 마이카, 탤크, 흑색산화철, 적색산화철, 티타늄디옥사이드 (CI 77891), 칼슘티타늄보로실리케이트, 디이소스테아릴말레이트, 카프릴릭/카프릭트리글리세라이드, 트리에칠헥사노인, 나일론-12, 디펜타에리스리틸헥사하이드록시스테아레이트/헥사스테아레이트/헥사로지네이트, 마그네슘스테아레이트, 실리카, 하이드로제네이티드레시틴, 카프릴릴글라이콜, 디메치콘, 메치콘, 트리에톡시카프릴릴실란, 에칠헥실글리세린, 1,2-헥산디올, 틴옥사이드

Wine Party : 칼슘알루미늄보로실리케이트, 탤크, 흑색산화철, 실리카, 티타늄디옥사이드 (CI 77891), 적색산화철, 망가니즈바이올렛, 카프릴릭/카프릭트리글리세라이드, 디이소스테아릴말레이트, 트리에칠헥사노인, 나일론-12, 마이카, 징크스테아레이트, 디펜타에리스리틸헥사하이드록시스테아레이트/헥사스테아레이트/헥사로지네이트, 적색202호, 틴옥사이드, 카프릴릴글라이콜, 에칠헥실글리세린, 1,2-헥산디올, 트리에톡시카프릴릴실란

Silent Night : 마이카, 탤크, 흑색산화철, 티타늄디옥사이드 (CI 77891), 망가니즈바이올렛, 디이소스테아릴말레이트, 카프릴릭/카프릭트리글리세라이드, 트리에칠헥사노인, 나일론-12, 디펜타에리스리틸헥사하이드록시스테아레이트/헥사스테아레이트/헥사로지네이트, 실리카, 하이드로제네이티드레시틴, 마그네슘스테아레이트, 적색202호, 디메치콘, 메치콘, 카프릴릴글라이콜, 트리에톡시카프릴릴실란, 에칠헥실글리세린, 1,2-헥산디올, 틴옥사이드",http://image.etude.co.kr/upload/product/320_20170518150908337.jpg,http://www.etude.co.kr/product.do?method=view&prdCd=101001326
에뛰드,립 ,립스틱,퍼스널 컬러 팔레트 프로 웜톤 립스,,"22,000원",0.03 oz. x 9 / 1 g x 9,"W1
에칠헥실팔미테이트, 실리카, 마이크로크리스탈린왁스, 디이소스테아릴말레이트, 티타늄디옥사이드, 세레신, 오조케라이트, 카올린, 디메치콘, 비닐디메치콘/메치콘실세스퀴옥산크로스폴리머, 마이카, 폴리에칠렌, 피토스테릴이소스테아릴다이머디리놀리에이트, 소르비탄세스퀴올리에이트, 이소프로필팔미테이트, 디메치콘크로스폴리머, 1,2-헥산디올, 쿼터늄-18벤토나이트, 토코페릴아세테이트, 카프릴릴글라이콜, 프로필렌카보네이트, 에칠헥실글리세린, 향료, 적색201호, 적색산화철, 적색104호의(1), 황색산화철, 황색4호

W2
에칠헥실팔미테이트, 실리카, 마이크로크리스탈린왁스, 디이소스테아릴말레이트, 세레신, 오조케라이트, 카올린, 티타늄디옥사이드, 디메치콘, 비닐디메치콘/메치콘실세스퀴옥산크로스폴리머, 마이카, 폴리에칠렌, 피토스테릴이소스테아릴다이머디리놀리에이트, 소르비탄세스퀴올리에이트, 이소프로필팔미테이트, 디메치콘크로스폴리머, 1,2-헥산디올, 쿼터늄-18벤토나이트, 토코페릴아세테이트, 카프릴릴글라이콜, 프로필렌카보네이트, 에칠헥실글리세린, 향료, 적색201호, 황색산화철, 망가니즈바이올렛

W3
에칠헥실팔미테이트, 실리카, 마이크로크리스탈린왁스, 디이소스테아릴말레이트, 세레신, 오조케라이트, 카올린, 디메치콘, 비닐디메치콘/메치콘실세스퀴옥산크로스폴리머, 마이카, 티타늄디옥사이드, 폴리에칠렌, 피토스테릴이소스테아릴다이머디리놀리에이트, 소르비탄세스퀴올리에이트, 이소프로필팔미테이트, 디메치콘크로스폴리머, 1,2-헥산디올, 쿼터늄-18벤토나이트, 토코페릴아세테이트, 카프릴릴글라이콜, 프로필렌카보네이트, 에칠헥실글리세린, 향료, 적색201호, 적색104호의(1), 적색산화철, 황색산화철, 망가니즈바이올렛

W4
에칠헥실팔미테이트, 실리카, 마이크로크리스탈린왁스, 디이소스테아릴말레이트, 세레신, 오조케라이트, 카올린, 디메치콘, 비닐디메치콘/메치콘실세스퀴옥산크로스폴리머, 마이카, 폴리에칠렌, 피토스테릴이소스테아릴다이머디리놀리에이트, 소르비탄세스퀴올리에이트, 티타늄디옥사이드, 이소프로필팔미테이트, 디메치콘크로스폴리머, 1,2-헥산디올, 쿼터늄-18벤토나이트, 토코페릴아세테이트, 카프릴릴글라이콜, 프로필렌카보네이트, 에칠헥실글리세린, 향료, 황색산화철, 적색104호의(1), 망가니즈바이올렛

W5
에칠헥실팔미테이트, 마이크로크리스탈린왁스, 디이소스테아릴말레이트, 실리카, 세레신, 오조케라이트, 디메치콘, 카올린, 폴리에칠렌, 마이카, 비닐디메치콘/메치콘실세스퀴옥산크로스폴리머, 피토스테릴이소스테아릴다이머디리놀리에이트, 소르비탄세스퀴올리에이트, 이소프로필팔미테이트, 디메치콘크로스폴리머, 1,2-헥산디올, 쿼터늄-18벤토나이트, 토코페릴아세테이트, 카프릴릴글라이콜, 프로필렌카보네이트, 에칠헥실글리세린, 향료, 적색202호, 적색201호, 적색104호의(1), 적색산화철, 흑색산화철

W6
에칠헥실팔미테이트, 마이크로크리스탈린왁스, 디이소스테아릴말레이트, 실리카, 세레신, 오조케라이트, 디메치콘, 카올린, 마이카, 폴리에칠렌, 비닐디메치콘/메치콘실세스퀴옥산크로스폴리머, 피토스테릴이소스테아릴다이머디리놀리에이트, 소르비탄세스퀴올리에이트, 이소프로필팔미테이트, 디메치콘크로스폴리머, 1,2-헥산디올, 쿼터늄-18벤토나이트, 토코페릴아세테이트, 카프릴릴글라이콜, 프로필렌카보네이트, 에칠헥실글리세린, 향료, 적색226호, 적색104호의(1), 적색201호

W7
에칠헥실팔미테이트, 실리카, 마이크로크리스탈린왁스, 디이소스테아릴말레이트, 세레신, 오조케라이트, 카올린, 디메치콘, 비닐디메치콘/메치콘실세스퀴옥산크로스폴리머, 마이카, 폴리에칠렌, 피토스테릴이소스테아릴다이머디리놀리에이트, 소르비탄세스퀴올리에이트, 이소프로필팔미테이트, 디메치콘크로스폴리머, 1,2-헥산디올, 쿼터늄-18벤토나이트, 토코페릴아세테이트, 카프릴릴글라이콜, 프로필렌카보네이트, 에칠헥실글리세린, 향료, 적색104호의(1), 적색202호, 적색226호, 적색201호, 적색산화철, 황색5호

W8
에칠헥실팔미테이트, 실리카, 마이크로크리스탈린왁스, 디이소스테아릴말레이트, 세레신, 오조케라이트, 카올린, 디메치콘, 비닐디메치콘/메치콘실세스퀴옥산크로스폴리머, 마이카, 폴리에칠렌, 피토스테릴이소스테아릴다이머디리놀리에이트, 티타늄디옥사이드, 소르비탄세스퀴올리에이트, 이소프로필팔미테이트, 디메치콘크로스폴리머, 1,2-헥산디올, 쿼터늄-18벤토나이트, 토코페릴아세테이트, 카프릴릴글라이콜, 프로필렌카보네이트, 에칠헥실글리세린, 향료, 적색104호의(1), 적색201호, 황색5호

W9
에칠헥실팔미테이트, 실리카, 마이크로크리스탈린왁스, 디이소스테아릴말레이트, 세레신, 오조케라이트, 카올린, 디메치콘, 비닐디메치콘/메치콘실세스퀴옥산크로스폴리머, 마이카, 폴리에칠렌, 피토스테릴이소스테아릴다이머디리놀리에이트, 티타늄디옥사이드, 소르비탄세스퀴올리에이트, 이소프로필팔미테이트, 디메치콘크로스폴리머, 1,2-헥산디올, 쿼터늄-18벤토나이트, 토코페릴아세테이트, 카프릴릴글라이콜, 프로필렌카보네이트, 에칠헥실글리세린, 향료, 적색산화철, 적색104호의(1), 황색산화철, 망가니즈바이올렛, 흑색산화철",http://image.etude.co.kr/upload/product/320_20170518145758418.jpg,http://www.etude.co.kr/product.do?method=view&prdCd=102001296
에뛰드,립 ,립스틱,퍼스널 컬러 팔레트 프로 쿨톤 립스,,"22,000원",0.03 oz. x 9 / 1 g x 9,"C1
에칠헥실팔미테이트, 실리카, 마이크로크리스탈린왁스, 디이소스테아릴말레이트, 세레신, 티타늄디옥사이드, 오조케라이트, 카올린, 디메치콘, 비닐디메치콘/메치콘실세스퀴옥산크로스폴리머, 마이카, 폴리에칠렌, 피토스테릴이소스테아릴다이머디리놀리에이트, 소르비탄세스퀴올리에이트, 이소프로필팔미테이트, 디메치콘크로스폴리머, 1,2-헥산디올, 쿼터늄-18벤토나이트, 토코페릴아세테이트, 카프릴릴글라이콜, 프로필렌카보네이트, 에칠헥실글리세린, 향료, 망가니즈바이올렛, 적색산화철, 황색산화철, 적색104호의(1)

C2
에칠헥실팔미테이트, 실리카, 마이크로크리스탈린왁스, 디이소스테아릴말레이트, 세레신, 오조케라이트, 카올린, 디메치콘, 비닐디메치콘/메치콘실세스퀴옥산크로스폴리머, 마이카, 폴리에칠렌, 피토스테릴이소스테아릴다이머디리놀리에이트, 소르비탄세스퀴올리에이트, 이소프로필팔미테이트, 디메치콘크로스폴리머, 티타늄디옥사이드, 1,2-헥산디올, 쿼터늄-18벤토나이트, 토코페릴아세테이트, 카프릴릴글라이콜, 프로필렌카보네이트, 에칠헥실글리세린, 향료, 망가니즈바이올렛, 적색104호의(1), 황색산화철, 적색산화철, 흑색산화철

C3
에칠헥실팔미테이트, 실리카, 마이크로크리스탈린왁스, 디이소스테아릴말레이트, 세레신, 카올린, 오조케라이트, 디메치콘, 비닐디메치콘/메치콘실세스퀴옥산크로스폴리머, 마이카, 폴리에칠렌, 피토스테릴이소스테아릴다이머디리놀리에이트, 소르비탄세스퀴올리에이트, 이소프로필팔미테이트, 디메치콘크로스폴리머, 1,2-헥산디올, 쿼터늄-18벤토나이트, 토코페릴아세테이트, 카프릴릴글라이콜, 프로필렌카보네이트, 에칠헥실글리세린, 향료, 망가니즈바이올렛, 적색104호의(1), 적색산화철, 흑색산화철

C4
에칠헥실팔미테이트, 실리카, 마이크로크리스탈린왁스, 디이소스테아릴말레이트, 세레신, 오조케라이트, 카올린, 디메치콘, 비닐디메치콘/메치콘실세스퀴옥산크로스폴리머, 마이카, 폴리에칠렌, 피토스테릴이소스테아릴다이머디리놀리에이트, 소르비탄세스퀴올리에이트, 티타늄디옥사이드, 이소프로필팔미테이트, 디메치콘크로스폴리머, 1,2-헥산디올, 쿼터늄-18벤토나이트, 토코페릴아세테이트, 카프릴릴글라이콜, 프로필렌카보네이트, 에칠헥실글리세린, 향료, 적색104호의(1), 적색201호, 황색5호

C5
에칠헥실팔미테이트, 실리카, 마이크로크리스탈린왁스, 디이소스테아릴말레이트, 세레신, 오조케라이트, 카올린, 티타늄디옥사이드, 디메치콘, 비닐디메치콘/메치콘실세스퀴옥산크로스폴리머, 마이카, 폴리에칠렌, 피토스테릴이소스테아릴다이머디리놀리에이트, 소르비탄세스퀴올리에이트, 이소프로필팔미테이트, 디메치콘크로스폴리머, 1,2-헥산디올, 쿼터늄-18벤토나이트, 토코페릴아세테이트, 카프릴릴글라이콜, 프로필렌카보네이트, 에칠헥실글리세린, 향료, 망가니즈바이올렛, 적색104호의(1), 황색산화철

C6
에칠헥실팔미테이트, 실리카, 마이크로크리스탈린왁스, 디이소스테아릴말레이트, 세레신, 오조케라이트, 카올린, 디메치콘, 비닐디메치콘/메치콘실세스퀴옥산크로스폴리머, 마이카, 폴리에칠렌, 피토스테릴이소스테아릴다이머디리놀리에이트, 소르비탄세스퀴올리에이트, 이소프로필팔미테이트, 디메치콘크로스폴리머, 1,2-헥산디올, 쿼터늄-18벤토나이트, 토코페릴아세테이트, 카프릴릴글라이콜, 프로필렌카보네이트, 에칠헥실글리세린, 향료, 망가니즈바이올렛, 적색104호의(1), 흑색산화철, 적색산화철

C7
에칠헥실팔미테이트, 실리카, 마이크로크리스탈린왁스, 디이소스테아릴말레이트, 세레신, 오조케라이트, 카올린, 디메치콘, 비닐디메치콘/메치콘실세스퀴옥산크로스폴리머, 티타늄디옥사이드, 마이카, 폴리에칠렌, 피토스테릴이소스테아릴다이머디리놀리에이트, 소르비탄세스퀴올리에이트, 이소프로필팔미테이트, 디메치콘크로스폴리머, 1,2-헥산디올, 쿼터늄-18벤토나이트, 토코페릴아세테이트, 카프릴릴글라이콜, 프로필렌카보네이트, 에칠헥실글리세린, 향료, 망가니즈바이올렛, 황색산화철, 적색104호의(1), 적색산화철, 흑색산화철

C8
에칠헥실팔미테이트, 마이크로크리스탈린왁스, 디이소스테아릴말레이트, 실리카, 세레신, 오조케라이트, 디메치콘, 카올린, 폴리에칠렌, 마이카, 비닐디메치콘/메치콘실세스퀴옥산크로스폴리머, 피토스테릴이소스테아릴다이머디리놀리에이트, 소르비탄세스퀴올리에이트, 이소프로필팔미테이트, 디메치콘크로스폴리머, 1,2-헥산디올, 쿼터늄-18벤토나이트, 토코페릴아세테이트, 카프릴릴글라이콜, 프로필렌카보네이트, 에칠헥실글리세린, 향료, 적색202호, 적색104호의(1), 적색201호, 황색5호

C9
에칠헥실팔미테이트, 마이크로크리스탈린왁스, 디이소스테아릴말레이트, 실리카, 세레신, 오조케라이트, 디메치콘, 카올린, 비닐디메치콘/메치콘실세스퀴옥산크로스폴리머, 마이카, 폴리에칠렌, 피토스테릴이소스테아릴다이머디리놀리에이트, 소르비탄세스퀴올리에이트, 이소프로필팔미테이트, 디메치콘크로스폴리머, 1,2-헥산디올, 쿼터늄-18벤토나이트, 토코페릴아세테이트, 카프릴릴글라이콜, 프로필렌카보네이트, 에칠헥실글리세린, 향료, 적색202호, 적색104호의(1), 적색201호, 적색산화철, 흑색산화철",http://image.etude.co.kr/upload/product/320_20170518150233874.jpg,http://www.etude.co.kr/product.do?method=view&prdCd=102001295
에뛰드,페이스,치크/하이라이터,플레이 101 스틱 컨투어 듀오,"#03 골드펄+핑크펄
#04 코랄+베이지
#05 내추럴 라이트+내추럴 딥
#06 뉴트럴 라이트+뉴트럴 딥
#02 라이트 베이스+다크 쉐이딩
#01 하이라이터+쉐이딩","12,000원",1.7g x2,"#01 
하이라이터:옥틸도데칸올,세틸에칠헥사노에이트,C12-15알킬벤조에이트,실리카,폴리메칠메타크릴레이트,카프릴릭/카프릭트리글리세라이드,폴리에칠렌,오조케라이트,펜타에리스리틸테트라이소스테아레이트,메치콘,토코페롤,카프릴릴글라이콜,페녹시에탄올,펜타에리스리틸테트라-디-t-부틸하이드록시하이드로신나메이트,헥실렌글라이콜,마이카, 티타늄디옥사이드, 황색산화철, 적색산화철

섀이딩: 옥틸도데칸올,세틸에칠헥사노에이트,C12-15알킬벤조에이트,실리카,폴리메칠메타크릴레이트,카프릴릭/카프릭트리글리세라이드,폴리에칠렌,오조케라이트,펜타에리스리틸테트라이소스테아레이트,메치콘,토코페롤,카프릴릴글라이콜,페녹시에탄올,펜타에리스리틸테트라-디-t-부틸하이드록시하이드로신나메이트,헥실렌글라이콜,마이카, 티타늄디옥사이드, 황색산화철, 적색산화철, 흑색산화철

#02
베이스: 옥틸도데칸올,세틸에칠헥사노에이트,C12-15알킬벤조에이트,실리카,폴리메칠메타크릴레이트,카프릴릭/카프릭트리글리세라이드,폴리에칠렌,오조케라이트,펜타에리스리틸테트라이소스테아레이트,메치콘,토코페롤,카프릴릴글라이콜,향료,펜타에리스리틸테트라-디-t-부틸하이드록시하이드로신나메이트,헥실렌글라이콜,페녹시에탄올,마이카,티타늄디옥사이드,황색산화철,적색산화철,흑색산화철
쉐이딩: 옥틸도데칸올,세틸에칠헥사노에이트,C12-15알킬벤조에이트,실리카,폴리메칠메타크릴레이트,카프릴릭/카프릭트리글리세라이드,폴리에칠렌,오조케라이트,펜타에리스리틸테트라이소스테아레이트,메치콘,토코페롤,카프릴릴글라이콜,향료,펜타에리스리틸테트라-디-t-부틸하이드록시하이드로신나메이트,헥실렌글라이콜,페녹시에탄올,마이카,티타늄디옥사이드,황색산화철흑색산화철적색산화철

#3
골드펄:
옥틸도데칸올,C12-15알킬벤조에이트,마이카,세틸에칠헥사노에이트,실리카,폴리메칠메타크릴레이트,폴리에칠렌,
오조케라이트,카프릴릭/카프릭트리글리세라이드,티타늄디옥사이드 (CI 77891),펜타에리스리틸테트라이소스테아레이트,
폴리하이드록시스테아릭애씨드,적색산화철,메치콘,토코페롤,카프릴릴글라이콜,페녹시에탄올,펜타에리스리틸테트라-디-T-부틸하이드록시하이드로신나메이트,
헥실렌글라이콜,틴옥사이드
핑크펄:
옥틸도데칸올,C12-15알킬벤조에이트,세틸에칠헥사노에이트,마이카,실리카,폴리메칠메타크릴레이트,폴리에칠렌,
오조케라이트,티타늄디옥사이드 (CI 77891),카프릴릭/카프릭트리글리세라이드,펜타에리스리틸테트라이소스테아레이트,합성플루오르플로고파이트,
메치콘,토코페롤,카프릴릴글라이콜,적색산화철,페녹시에탄올,펜타에리스리틸테트라-디-T-부틸하이드록시하이드로신나메이트,헥실렌글라이콜,카민

#4
샤인코랄:
옥틸도데칸올,마이카,C12-15알킬벤조에이트,세틸에칠헥사노에이트,실리카,폴리메칠메타크릴레이트
티타늄디옥사이드 (CI 77891),폴리에칠렌,오조케라이트,카프릴릭/카프릭트리글리세라이드,펜타에리스리틸테트라이소스테아레이트,폴리글리세릴-2트리이소스테아레이트,폴리하이드록시스테아릭애씨드,적색산화철,메치콘,토코페롤,카프릴릴글라이콜,카민,적색201호,페녹시에탄올,황색4호,펜타에리스리틸테트라-디-T-부틸하이드록시하이드로신나메이트,헥실렌글라이콜
소프트베이지:
옥틸도데칸올,마이카,C12-15알킬벤조에이트,세틸에칠헥사노에이트,실리카,폴리메칠메타크릴레이트,
티타늄디옥사이드 (CI 77891),폴리에칠렌,카프릴릭/카프릭트리글리세라이드,오조케라이트,펜타에리스리틸테트라이소스테아레이트,
폴리하이드록시스테아릭애씨드,황색산화철,적색산화철,흑색산화철,메치콘,토코페롤,카프릴릴글라이콜,
페녹시에탄올,펜타에리스리틸테트라-디-T-부틸하이드록시하이드로신나메이트,헥실렌글라이콜

#5
내추럴라이트:
옥틸도데칸올,티타늄디옥사이드 (CI 77891),실리카,이소데실네오펜타노에이트,마이카,C12-15알킬벤조에이트,
세틸에칠헥사노에이트,폴리메칠메타크릴레이트,폴리에칠렌,카프릴릭/카프릭트리글리세라이드,오조케라이트,
펜타에리스리틸테트라이소스테아레이트,황색산화철,폴리하이드록시스테아릭애씨드,적색산화철,흑색산화철,
메치콘,토코페롤,카프릴릴글라이콜,페녹시에탄올,펜타에리스리틸테트라-디-T-부틸하이드록시하이드로신나메이트,
헥실렌글라이콜
내추럴딥:
옥틸도데칸올,마이카,C12-15알킬벤조에이트,세틸에칠헥사노에이트,실리카,폴리메칠메타크릴레이트,
폴리에칠렌,카프릴릭/카프릭트리글리세라이드,오조케라이트,펜타에리스리틸테트라이소스테아레이트,
황색산화철,티타늄디옥사이드,폴리하이드록시스테아릭애씨드,흑색산화철,적색산화철,메치콘,토코페롤,
카프릴릴글라이콜,페녹시에탄올,펜타에리스리틸테트라-디-T-부틸하이드록시하이드로신나메이트,헥실렌글라이콜

#6
뉴트럴라이트:
옥틸도데칸올,마이카,C12-15알킬벤조에이트,세틸에칠헥사노에이트,실리카,폴리메칠메타크릴레이트,
티타늄디옥사이드 (CI 77891),폴리에칠렌,카프릴릭/카프릭트리글리세라이드,오조케라이트,펜타에리스리틸테트라이소스테아레이트,
황색산화철,폴리하이드록시스테아릭애씨드,흑색산화철,적색산화철,메치콘,토코페롤,카프릴릴글라이콜,페녹시에탄올,
펜타에리스리틸테트라-디-T-부틸하이드록시하이드로신나메이트,헥실렌글라이콜
뉴트럴딥:
옥틸도데칸올,실리카,마이카,이소데실네오펜타노에이트,티타늄디옥사이드 (CI 77891),세틸에칠헥사노에이트,
C12-15알킬벤조에이트,폴리메칠메타크릴레이트,폴리에칠렌,카프릴릭/카프릭트리글리세라이드,오조케라이트,
황색산화철,펜타에리스리틸테트라이소스테아레이트,흑색산화철,폴리하이드록시스테아릭애씨드,적색산화철,메치콘,
토코페롤,카프릴릴글라이콜,페녹시에탄올,펜타에리스리틸테트라-디-T-부틸하이드록시하이드로신나메이트,헥실렌글라이콜",http://image.etude.co.kr/upload/product/320_20170518152403402.jpg,http://www.etude.co.kr/product.do?method=view&prdCd=103004040
에뛰드,스킨케어,크림,스윗 푸딩 뽀얀크림 매끈수분 50ml,,"10,000원",50ml,"정제수, 프로판디올, 글리세린, 티타늄디옥사이드 (CI 77891), 나이아신아마이드, 사이클로헥사실록산, 사이클로펜타실록산, 1,2-헥산디올, 소듐폴리아크릴레이트, 에칠헥실스테아레이트, 폴리메칠메타크릴레이트, 소듐아크릴레이트/소듐아크릴로일디메칠타우레이트코폴리머, 치아씨추출물, 병풀추출물, 어성초추출물, 폴리이소부텐, 디메치콘올, 사카라이드하이드롤리세이트, 프룩토올리고사카라이드, 라임추출물, 향료, 트리데세스-6, 에칠헥실글리세린, 풀루란, 트리에톡시카프릴릴실란, 아데노신, 디소듐이디티에이, 소르비탄올리에이트, 카프릴릴/카프릴글루코사이드, 인도멀구슬나무잎추출물, 인도멀구슬나무꽃추출물, 부틸렌글라이콜, 아이비고드열매추출물, 소듐하이알루로네이트, 호박가루, 가지추출물, 강황추출물, 홀리바실잎추출물, 참산호말추출물, 드럼스틱씨오일, C12-15알킬벤조에이트, 알루미늄스테아레이트, 폴리하이드록시스테아릭애씨드, 알루미나",http://image.etude.co.kr/upload/product/320_20170515114645953.jpg,http://www.etude.co.kr/product.do?method=view&prdCd=105004146
에뛰드,스킨케어,크림,스윗 푸딩 뽀얀크림 촉촉수분 50ml,,"10,000원",50ml,"정제수, 프로판디올, 글리세린, 사이클로펜타실록산, 티타늄디옥사이드 (CI 77891), 나이아신아마이드, 카프릴릭/카프릭/석시닉트리글리세라이드, 폴리글리세릴-3메칠글루코오스디스테아레이트, 1,2-헥산디올, 디메치콘, 하이드로제네이티드폴리(C6-14올레핀), 네오펜틸글라이콜디헵타노에이트, 글라이코실트레할로스, 사이클로헥사실록산, 하이드로제네이티드스타치하이드롤리세이트,  세테아릴알코올, 치아씨추출물, 글리세릴스테아레이트, 디메치콘올, 병풀추출물, 어성초추출물, 카보머, 트로메타민, 소듐아크릴레이트/소듐아크릴로일디메칠타우레이트코폴리머, 폴리이소부텐, 사카라이드하이드롤리세이트, 프룩토올리고사카라이드, 향료, 에칠헥실글리세린, 풀루란, 트리에톡시카프릴릴실란, 아데노신, 디소듐이디티에이, 카프릴릴/카프릴글루코사이드, 소르비탄올리에이트, 쉐어버터, 소듐하이알루로네이트, 부틸렌글라이콜, 딸기추출물, C12-15알킬벤조에이트, 알루미늄스테아레이트, 폴리하이드록시스테아릭애씨드, 알루미나",http://image.etude.co.kr/upload/product/320_20170515132342022.jpg,http://www.etude.co.kr/product.do?method=view&prdCd=105004145
에뛰드,페이스,파우더/팩트,픽스 앤 픽스 파우더 픽서 10g,,"9,000원",10g,실리카,http://image.etude.co.kr/upload/product/320_20170428172512770.jpg,http://www.etude.co.kr/product.do?method=view&prdCd=103002082
에뛰드,클렌징,클렌징,몬스터 미셀라 클렌징 워터 300ml,,"7,000원",300ml,"정제수, 프로판디올, 헥실렌글라이콜, 폴리소르베이트20,1,2-헥산디올, 글리세린, 녹차추출물, 알로에베라잎추출물, 왕대수액, 징크글루코네이트, 카퍼글루코네이트, 칼슘글루코네이트, 마그네슘아스파테이트, 에탄올, 디소듐이디티에이, 디소듐코코암포디아세테이트, 소듐시트레이트, 소듐클로라이드, 시트릭애씨드, 에칠헥실글리세린",http://image.etude.co.kr/upload/product/320_20170426141523758.jpg,http://www.etude.co.kr/product.do?method=view&prdCd=106002115
에뛰드,클렌징,클렌징,몬스터 미셀라 클렌징 워터 700ml,,"14,000원",700ml,"정제수, 프로판디올, 헥실렌글라이콜, 폴리소르베이트20,
1,2-헥산디올, 글리세린, 녹차추출물, 알로에베라잎추출물, 왕대수액, 징크글루코네이트, 카퍼글루코네이트, 칼슘글루코네이트, 마그네슘아스파테
이트, 에탄올, 디소듐이디티에이, 디소듐코코암포디아세테이트, 소듐시트레이트, 소듐클로라이드, 시트릭애씨드, 에칠헥실글리세린",http://image.etude.co.kr/upload/product/320_20170426142156503.jpg,http://www.etude.co.kr/product.do?method=view&prdCd=106002116
에뛰드,아이,아이브로우,청순거짓 눈썹 결 틴트 브라우,"1호 내추럴 브라운
2호 다크 브라운
3호 레디쉬 브라운
4호 그레이 브라운","8,500원",2g,"1호 내추럴 브라운
정제수, 디하이드록시아세톤, 에탄올, 메칠글루세스-20, 글리세린, 1,2-헥산디올, 황색5호, 페녹시에탄올, 소르비톨, 시트릭애씨드, 적색227호, 청색1호, 스타이렌/아크릴레이트/암모늄메타크릴레이트코폴리머, 벤조페논-9, 아크릴레이트코폴리머, 에칠헥실글리세린, 디소듐이디티에이             

2호 다크브라운
정제수, 디하이드록시아세톤, 에탄올, 메칠글루세스-20, 글리세린, 1,2-헥산디올, 황색5호, 페녹시에탄올, 소르비톨, 시트릭애씨드, 적색227호, 청색1호, 아크릴레이트코폴리머, 벤조페논-9, 스타이렌/아크릴레이트/암모늄메타크릴레이트코폴리머, 에칠헥실글리세린, 디소듐이디티에이

3호 레디쉬브라운
정제수, 디하이드록시아세톤, 에탄올, 메칠글루세스-20, 글리세린, 1,2-헥산디올, 황색5호, 페녹시에탄올, 소르비톨, 시트릭애씨드, 적색227호, 아크릴레이트코폴리머, 스타이렌/아크릴레이트/암모늄메타크릴레이트코폴리머, 벤조페논-9, 청색1호, 에칠헥실글리세린, 디소듐이디티에이                   

4호 그레이브라운
정제수, 디하이드록시아세톤, 에탄올, 메칠글루세스-20, 글리세린, 1,2-헥산디올, 황색5호, 페녹시에탄올, 소르비톨, 시트릭애씨드, 적색227호, 청색1호, 벤조페논-9, 아크릴레이트코폴리머, 스타이렌/아크릴레이트/암모늄메타크릴레이트코폴리머, 에칠헥실글리세린, 디소듐이디티에이",http://image.etude.co.kr/upload/product/320_20170512092442091.jpg,http://www.etude.co.kr/product.do?method=view&prdCd=101004082
에뛰드,아이,아이브로우,청순거짓 브라우 젤 틴트 NEW,"1호 브라운
2호 라이트 브라운
3호 그레이 브라운
4호 오렌지 브라운
5호 레드 브라운","8,500원",5g,"1호 브라운
정제수, 에탄올, 프로판디올, 폴리비닐알코올, 디하이드록시아세톤, 에리스룰로오스, 황색5호,
녹차추출물, 디소듐이디티에이, 바실러스발효물, 시트릭애씨드, 적색227호, 청색1호, 콩추출물, 판테놀, 폴리소르베이트80, 향료

2호 라이트브라운
정제수, 에탄올, 프로판디올, 폴리비닐알코올, 디하이드록시아세톤, 에리스룰로오스, 황색5호,
녹차추출물, 디소듐이디티에이, 바실러스발효물, 시트릭애씨드, 적색227호, 청색1호, 콩추출물, 판테놀, 폴리소르베이트80, 향료

3호 그레이브라운
정제수, 에탄올, 프로판디올, 폴리비닐알코올, 디하이드록시아세톤, 에리스룰로오스,
녹차추출물, 디소듐이디티에이, 바실러스발효물, 시트릭애씨드, 적색227호, 청색1호, 콩추출물, 판테놀, 폴리소르베이트80, 향료, 황색5호

4호 오렌지 브라운
정제수, 에탄올, 프로판디올, 폴리비닐알코올, 디하이드록시아세톤, 에리스룰로오스, 황색5호,
녹차추출물, 디소듐이디티에이, 바실러스발효물, 시트릭애씨드, 적색227호, 청색1호, 콩추출물, 판테놀, 폴리소르베이트80, 향료

5호 레드 브라운
정제수, 에탄올, 프로판디올, 폴리비닐알코올, 디하이드록시아세톤, 에리스룰로오스,
녹차추출물, 디소듐이디티에이, 바실러스발효물, 시트릭애씨드, 적색227호, 청색1호, 콩추출물, 판테놀, 폴리소르베이트80, 향료, 황색5호",http://image.etude.co.kr/upload/product/320_20170512092626493.jpg,http://www.etude.co.kr/product.do?method=view&prdCd=101004083
에뛰드,향수,향수,컬러풀 센트 오 드 퍼퓸 스페셜 세트 러블리,,"23,000원","50 ml / 1.69 oz. , 7 ml / 0.23 oz.","변성알코올, 정제수, 에칠헥실메톡시신나메이트, 에칠헥실살리실레이트, 옥토크릴렌, 비에이치티, 향료, 벤질벤조에이트, 벤질살리실레이트, 시트랄, 시트로넬올, 리모넨, 제라니올, 리날룰, 부틸페닐메칠프로피오날",http://image.etude.co.kr/upload/product/320_20170427172901310.jpg,http://www.etude.co.kr/product.do?method=view&prdCd=109001040
에뛰드,향수,향수,컬러풀 센트 롤온,"러블리
레이니
해피니스
클린
스윗
조이풀
로맨틱
퓨어
드리밍
프레쉬","4,900원",7ml,"해피니스: 변성알코올,정제수,에칠헥실메톡시신나메이트,에칠헥실살리실레이트,옥토크릴렌,비에이치티,향료,벤질벤조에이트,벤질신나메이트,벤질살리실레이트,시트랄,시트로넬올,리모넨,파네솔,제라니올,헥실신남알,리날룰

클린: 변성알코올,정제수,에칠헥실메톡시신나메이트,에칠헥실살리실레이트,옥토크릴렌,비에이치티,향료,벤질살리실레이트,시트랄,시트로넬올,리모넨,유제놀,제라니올,헥실신남알,리날룰,부팅페닐메칠프로피오날

스윗: 변성알코올,정제수,에칠헥실메톡시신나메이트,에칠헥실살리실레이트,옥토크릴렌,비에이치티,향료,시트랄,시트로넬올,리모넨,유제놀,제라니올,헥실신남알,리날룰,부틸페닐메칠프로피오날

조이풀: 변상알코올,정제수,에칠헥실메톡시신나메이트,에칭헥실살리실레이트,옥토크릴렌,비에이치티,향료,시트랄,리모넨,헥실신남알,리날룰,부팅페닐메칠프로피오날

로맨틱: 변성알코올,정제수,에칠헥실메톡시신나메이트,에칠헥실살리실레이트,옥토크릴렌,비에이치티,향료,리날룰

퓨어: 변성알코올,정제수,에칠헥실메톡시신나메이트,에칠헥실살리실레이트,옥토크릴렌,비에이치티,향료,리모넨,하이드록시시트로넬알,리날룰,부틸페닐메칠프로피오날

드이밍: 변성알코올,정제수,에칠헥실메톡시신나메이트,에칠헥실살리실레이트,옥토크릴렌,비에이치티,향료,시트랄,시트로넬올,리모넨,리날룰,부틸페닐메칠프로피오날

프레쉬: 변성알코올,정제수,에칭헥실메톡시신나메이트,에칠헥실살리실레이트,옥토크릴렌,비에이치티,향료,시트랄,시트로넬올,리모넨,제라니올,리모넨,제라니올,헥실신남알,리날룰,부틸페닐메칠프로피오날

러블리 : 변성알코올, 정제수, 에칠헥실메톡시신나메이트, 에칠헥실살리실레이트, 옥토크릴렌, 비에이치티, 향료, 벤질벤조에이트, 벤질살리실레이트, 시트랄, 시트로넬올, 리모넨, 제라니올, 리날룰, 부틸페닐메칠프로피오날

레이니 : 변성알코올, 정제수, 에칠헥실메톡시신나메이트, 에칠헥실살리실레이트, 옥토크릴렌, 비에이치티, 향료, 벤질살리실레이트, 시트로넬올, 리모넨, 제라니올, 헥실신남알, 리날룰",http://image.etude.co.kr/upload/product/320_20170428144745099.jpg,http://www.etude.co.kr/product.do?method=view&prdCd=109001035
에뛰드,향수,향수,컬러풀 센트 오 드 퍼퓸,"러블리
레이니
해피니스
클린
스윗
조이풀
로맨틱
퓨어
드리밍
프레쉬","23,000원",50ml,"해피니스
변성알코올, 정제수, 에칠헥실메톡시신나메이트, 에칠헥실살리실레이트, 옥토크릴렌, 비에이치티, 향료, 벤질벤조에이트, 벤질신나메이트, 벤질살리실레이트, 시트랄, 시트로넬올, 리모넨, 파네솔, 제라니올, 헥실신남알, 리날룰

클린
변성알코올, 정제수, 에칠헥실메톡시신나메이트, 에칠헥실살리실레이트, 옥토크릴렌, 비에이치티, 향료, 벤질살리실레이트, 시트랄, 시트로넬올, 리모넨, 유제놀, 제라니올, 헥실신남알, 리날룰, 부틸페닐메칠프로피오날

스윗
변성알코올, 정제수, 에칠헥실메톡시신나메이트, 에칠헥실살리실레이트, 옥토크릴렌, 비에이치티, 향료, 시트랄, 시트로넬올, 리모넨, 유제놀, 제라니올, 헥실신남알, 리날룰, 부틸페닐메칠프로피오날

조이풀
변성알코올, 정제수, 에칠헥실메톡시신나메이트, 에칠헥실살리실레이트, 옥토크릴렌, 비에이치티, 향료, 시트랄, 리모넨, 헥실신남알, 리날룰, 부틸페닐메칠프로피오날 

로맨틱
변성알코올, 정제수, 에칠헥실메톡시신나메이트, 에칠헥실살리실레이트, 옥토크릴렌, 비에이치티, 향료, 리날룰

퓨어
변성알코올, 정제수, 에칠헥실메톡시신나메이트, 에칠헥실살리실레이트, 옥토크릴렌, 비에이치티, 향료, 리모넨, 하이드록시시트로넬알, 리날룰, 부틸페닐메칠프로피오날

드리밍
변성알코올, 정제수, 에칠헥실메톡시신나메이트, 에칠헥실살리실레이트, 옥토크릴렌, 비에이치티, 향료, 시트랄, 시트로넬올, 리모넨, 리날룰, 부틸페닐메칠프로피오날

프레쉬
변성알코올, 정제수, 에칠헥실메톡시신나메이트, 에칠헥실살리실레이트, 옥토크릴렌, 비에이치티, 향료, 시트랄, 시트로넬올, 리모넨, 제라니올, 헥실신남알, 리날룰, 부틸페닐메칠프로피오날

러블리
변성알코올, 정제수, 에칠헥실메톡시신나메이트, 에칠헥실살리실레이트, 옥토크릴렌, 비에이치티, 향료, 벤질벤조에이트, 벤질살리실레이트, 시트랄, 시트로넬올, 리모넨, 제라니올, 리날룰, 부틸페닐메칠프로피오날

레이니
변성알코올, 정제수, 에칠헥실메톡시신나메이트, 에칠헥실살리실레이트, 옥토크릴렌, 비에이치티, 향료, 벤질살리실레이트, 시트로넬올, 리모넨, 제라니올, 헥실신남알, 리날룰",http://image.etude.co.kr/upload/product/320_20170428144459665.jpg,http://www.etude.co.kr/product.do?method=view&prdCd=109001031
에뛰드,스킨케어,크림,트루 릴리프 보습 크림 80ml,,"22,000원",80ml,"정제수, 글리세린, 프로판디올, 세틸에칠헥사노에이트, 펜타에리스리틸테트라이소스테아레이트, 사이
클로펜타실록산, 스테아릭애씨드, 팔미틱애씨드, 베헤닐알코올, 매실추출물, 유럽밤추출물, 치커리
뿌리추출물, 흰목이버섯추출물, 세라마이드3, 하이알루로닉애씨드, C12-20알킬글루코사이드, C14-22
알코올, 디메치콘올, 부틸렌글라이콜, 사이클로헥사실록산, 아라키딜글루코사이드, 아라키딜알코올,
아크릴레이트/스테아릴메타크릴레이트코폴리머, 에칠헥실글리세린, 이소스테아릴네오펜타노에이트,
잔탄검, 토코페릴아세테이트, 폴리소르베이트20, 폴리아크릴레이트-13, 폴리이소부텐, 하이드록시프로필
비스팔미타마이드엠이에이",http://image.etude.co.kr/upload/product/320_20170512172829413.jpg,http://www.etude.co.kr/product.do?method=view&prdCd=105004144
에뛰드,스킨케어,스킨,이온 워터 위치하젤 진정 미스트,,"13,000원",150ml,"정제수, 프로판디올, 1,2-헥산디올, 트레할로스, 알로에베라잎즙, 글리세린, 베타인, 마치현추출물, 세틸에칠헥사노에이트, 피이지-40하이드로제네이티드캐스터오일, 소듐시트레이트, 부틸렌글라이콜, 에칠헥실글리세린, 시트릭애씨드, 사이클로펜타실록산, 위치하젤추출물, 디소듐이디티에이, 트리에칠헥사노인, 스테아레스-20, 세테스-20, 에탄올, 세테아릴알코올, 글리세릴스테아레이트, 향료, 페녹시에탄올, 효모발효여과물, 포타슘소르베이트, 토코페릴아세테이트, 소듐하이드록사이드, 소듐벤조에이트",http://image.etude.co.kr/upload/product/320_20170407172232978.jpg,http://www.etude.co.kr/product.do?method=view&prdCd=105001133
에뛰드,스킨케어,스킨,이온 워터 코코넛 보습 세럼 미스트,,"13,000원",150ml,"정제수, 글리세린, 에탄올, 스쿠알란, 사이클로펜타실록산, 하이드로제네이티드폴리(C6-14올레핀), 디프로필렌글라이콜, 소듐클로라이드, 1,2-헥산디올, 소듐피씨에이, 페녹시에탄올, 부틸렌글라이콜, 에칠헥실글리세린, 카프릴릴/카프릴글루코사이드, 디소듐이디티에이, 향료, 하이드로제네이티드레시틴, 효모발효여과물, 느릅나무뿌리추출물, 줄맨드라미씨추출물, 병풀추출물, 무화과추출물, 코코넛오일, 세라마이드엔피, 코코넛추출물",http://image.etude.co.kr/upload/product/320_20170407173004807.jpg,http://www.etude.co.kr/product.do?method=view&prdCd=105001132
에뛰드,스킨케어,선케어,선프라이즈 내추럴 코렉터 라이트 SPF50+/PA++++,,"9,500원",50g,"정제수, 사이클로펜타실록산,징크옥사이드,
에칠헥실메톡시신나메이트, 디프로필렌글라이콜, 에칠헥실살리실레이트, 메칠메타크릴
레이트크로스폴리머, 피이지-10디메치콘, 호모살레이트, 티타늄디옥사이드 (CI 77891),
카프릴릴메치콘, 폴리메칠메타크릴레이트, 비스-에칠헥실옥시페놀메톡시페닐트리아진,
디메치콘, 디스테아디모늄헥토라이트, 마그네슘설페이트, 디카프릴릴카보네이트, 보론
나이트라이드, 트리에톡시카프릴릴실란, 마이카, 비닐디메치콘/메치콘실세스퀴옥산
크로스폴리머, 페녹시에탄올, 프로판디올, 폴리글리세릴-6폴리리시놀리에이트, 솔비
탄카프릴레이트, 향료, 폴리글리세릴-3폴리디메칠실록시에칠디메치콘, 옥틸도데칸올,
세테아릴디메치콘크로스폴리머, 글리세릴카프릴레이트, 사카라이드하이드롤리세이트,
디메치콘/비닐디메치콘크로스폴리머, 에칠헥실글리세린, 적색산화철, 부틸렌글라이콜,
황색산화철, 1,2-헥산디올, 마치현추출물, 병풀추출물, 블루위드씨오일, 강황추출물,
알로에베라잎추출물, 치아씨추출물, 대나무수, 프로필렌글라이콜, 해바라기씨오일불
검화물, 풍선덩굴꽃/잎/덩굴추출물, 글리세린, 에칠헥산디올, 오리스뿌리추출물, 토코
페롤,캐모마일꽃/잎추출물",http://image.etude.co.kr/upload/product/320_20170421135538217.jpg,http://www.etude.co.kr/product.do?method=view&prdCd=105008086
에뛰드,스킨케어,선케어,선프라이즈 내추럴 코렉터 SPF50+/PA+++,,"9,500원",50g,"정제수, 사이클로펜타실록산, 징크옥사이드,
헥실라우레이트, 티타늄디옥사이드, 에칠헥실메톡시신나메이트, 에칠헥실살리실
레이트, 라우릴피이지-10트리스(트리메칠실록시)실릴에칠디메치콘, 부틸렌글라
이콜, 디프로필렌글라이콜, C12-15알킬벤조에이트, 나이아신아마이드, 비스-에칠
헥실옥시페놀메톡시페닐트리아진, 소듐클로라이드, 실리카, 피이지-10디메치콘,
쿼터늄-18벤토나이트, 비즈왁스, 마그네슘스테아레이트, 알루미늄하이드록사이드,
스테아릭애씨드, 하이드로젠디메치콘, 페녹시에탄올, 소르비탄세스퀴올리에이트,
큰잎유럽피나무꽃추출물, 소듐벤조에이트, 글리세린, 토코페릴아세테이트, 디소
듐이디티에이, 가는잎그늘사초뿌리추출물, 포타슘소르베이트, 폴리하이드록시스
테아릭애씨드, 아데노신, 에칠헥실팔미테이트, 이소프로필팔미테이트, 이소스테
아릭애씨드, 레시틴, 에탄올, 폴리글리세릴-3폴리리시놀리에이트, 아세로라추
출물, 트리에톡시카프릴릴실란, 말토덱스트린, 아사이야자추출물, 시트릭애씨드,
알로에베라잎추출물, 향료, 적색산화철, 황색산화철, 흑색산화철",http://image.etude.co.kr/upload/product/320_20170421135828440.jpg,http://www.etude.co.kr/product.do?method=view&prdCd=105008087
에뛰드,페이스,쿠션,애니 쿠션 올데이 퍼펙트 SPF50+/PA+++ ,"퓨어
바닐라
페탈
베이지
샌드
탠","20,000원",14 g / 0.49 oz.,"퓨어 : 해수, 사이클로펜타실록산, 징크옥사이드, 티타늄디옥사이드 (CI 77891), 에칠헥실메톡시신나메이트, 티타늄디옥사이드, 라우릴피이지-9폴리디메 칠실록시에칠디메치콘, 부틸렌글라이콜디카프릴레이트/디카프레이트, 트리메칠실록시실리케이트, 사이클로헥사실록산, 폴리글리세릴-2트리이소 스테아레이트, 부틸렌글라이콜, 프로판디올, 나이아신아마이드, 소르비탄이소스테아레이트, 디메치콘, 메칠메타크릴레이트크로스폴리머, 글리세린, 디메치콘크로스폴리머, 디소듐이디티에이, 디스테아디모늄헥토라이트, 매실추출물, 소듐클로라이드, 스테아릭애씨드, 아데노신, 알루미 늄하이드록사이드, 에칠헥실글리세린, 연꽃추출물, 정제수, 카프릴릴글라이콜, 트리에톡시카프릴릴실란, 폴리소르베이트40, 폴리소르베이트80, 폴 리실리콘-11, 하이드로제네이티드레시틴, 황색산화철, 적색산화철, 흑색산화철, 향료

바닐라 : 해수, 사이클로펜타실록산, 징크옥사이드, 티타늄디옥사이드 (CI 77891), 에칠헥실메톡시신나메이트, 티타늄디옥사이드, 라우릴피이지-9폴리디메 칠실록시에칠디메치콘, 부틸렌글라이콜디카프릴레이트/디카프레이트, 트리메칠실록시실리케이트, 사이클로헥사실록산, 폴리글리세릴-2트리이소 스테아레이트, 부틸렌글라이콜, 프로판디올, 나이아신아마이드, 소르비탄이소스테아레이트, 디메치콘, 메칠메타크릴레이트크로스폴리머, 글리세린, 디메치콘크로스폴리머, 디소듐이디티에이, 디스테아디모늄헥토라이트, 매실추출물, 소듐클로라이드, 스테아릭애씨드, 아데노신, 알루미 늄하이드록사이드, 에칠헥실글리세린, 연꽃추출물, 정제수, 카프릴릴글라이콜, 트리에톡시카프릴릴실란, 폴리소르베이트40, 폴리소르베이트80, 폴 리실리콘-11, 하이드로제네이티드레시틴, 황색산화철, 적색산화철, 흑색산화철, 향료

페탈 : 해수, 사이클로펜타실록산, 징크옥사이드, 티타늄디옥사이드 (CI 77891), 에칠헥실메톡시신나메이트, 티타늄디옥사이드, 라우릴피이지-9폴리디메 칠실록시에칠디메치콘, 부틸렌글라이콜디카프릴레이트/디카프레이트, 트리메칠실록시실리케이트, 사이클로헥사실록산, 폴리글리세릴-2트리이소 스테아레이트, 부틸렌글라이콜, 프로판디올, 나이아신아마이드, 소르비탄이소스테아레이트, 디메치콘, 메칠메타크릴레이트크로스폴리머, 글리세린, 디메치콘크로스폴리머, 디소듐이디티에이, 디스테아디모늄헥토라이트, 매실추출물, 소듐클로라이드, 스테아릭애씨드, 아데노신, 알루미 늄하이드록사이드, 에칠헥실글리세린, 연꽃추출물, 정제수, 카프릴릴글라이콜, 트리에톡시카프릴릴실란, 폴리소르베이트40, 폴리소르베이트80, 폴 리실리콘-11, 하이드로제네이티드레시틴, 황색산화철, 적색산화철, 흑색산화철, 향료

베이지 : 해수, 사이클로펜타실록산, 징크옥사이드, 티타늄디옥사이드 (CI 77891), 에칠헥실메톡시신나메이트, 티타늄디옥사이드, 라우릴피이지-9폴리디메 칠실록시에칠디메치콘, 부틸렌글라이콜디카프릴레이트/디카프레이트, 트리메칠실록시실리케이트, 사이클로헥사실록산, 폴리글리세릴-2트리이소 스테아레이트, 부틸렌글라이콜, 프로판디올, 나이아신아마이드, 소르비탄이소스테아레이트, 디메치콘, 글리세린, 디메치콘크로스폴리머, 디소듐이디티에이, 디스테아디모늄헥토라이트, 매실추출물, 메칠메타크릴레이트크로스폴리머, 소듐클로라이드, 스테아릭애씨드, 아데노신, 알루미늄하이드록사이드, 에칠헥실글리세린, 연꽃추출물, 정제수, 카프릴릴글라이콜, 트리에톡시카프릴릴실란, 폴리소 르베이트40, 폴리소르베이트80, 폴리실리콘-11, 하이드로제네이티드레시틴, 황색산화철, 적색산화철, 흑색산화철, 향료

샌드 : 해수, 사이클로펜타실록산, 징크옥사이드, 티타늄디옥사이드 (CI 77891), 에칠헥실메톡시신나메이트, 티타늄디옥사이드, 라우릴피이지-9폴리디메 칠실록시에칠디메치콘, 부틸렌글라이콜디카프릴레이트/디카프레이트, 트리메칠실록시실리케이트, 사이클로헥사실록산, 폴리글리세릴-2트리이소 스테아레이트, 부틸렌글라이콜, 프로판디올, 나이아신아마이드, 소르비탄이소스테아레이트, 디메치콘, 글리세린, 디메치콘크로스폴리머, 디소듐이디티에이, 디스테아디모늄헥토라이트, 매실추출물, 메칠메타크릴레이트크로스폴리머, 소듐클로라이드, 스테아릭애씨드, 아데노신, 알루미늄하이드록사이드, 에칠헥실글리세린, 연꽃추출물, 정제수, 카프릴릴글라이콜, 트리에톡시카프릴릴실란, 폴리소 르베이트40, 폴리소르베이트80, 폴리실리콘-11, 하이드로제네이티드레시틴, 황색산화철, 적색산화철, 흑색산화철, 향료

탠 : 해수, 사이클로펜타실록산, 징크옥사이드, 티타늄디옥사이드 (CI 77891), 에칠헥실메톡시신나메이트, 티타늄디옥사이드, 라우릴피이지-9폴리디메 칠실록시에칠디메치콘, 부틸렌글라이콜디카프릴레이트/디카프레이트, 트리메칠실록시실리케이트, 사이클로헥사실록산, 폴리글리세릴-2트리이소 스테아레이트, 부틸렌글라이콜, 프로판디올, 나이아신아마이드, 소르비탄이소스테아레이트, 디메치콘, 글리세린, 디메치콘크로스폴리머, 디소듐이디티에이, 디스테아디모늄헥토라이트, 매실추출물, 메칠메타크릴레이트크로스폴리머, 소듐클로라이드, 스테아릭애씨드, 아데노신, 알루미늄하이드록사이드, 에칠헥실글리세린, 연꽃추출물, 정제수, 카프릴릴글라이콜, 트리에톡시카프릴릴실란, 폴리소 르베이트40, 폴리소르베이트80, 폴리실리콘-11, 하이드로제네이티드레시틴, 황색산화철, 적색산화철, 흑색산화철, 향료",http://image.etude.co.kr/upload/product/320_20170404164922771.jpg,http://www.etude.co.kr/product.do?method=view&prdCd=103001377
에뛰드,페이스,쿠션,애니 쿠션 올데이 퍼펙트 리필 SPF50+/PA+++,"퓨어
바닐라
페탈
베이지
샌드
탠","12,000원",14 g / 0.49 oz.,"퓨어 : 해수, 사이클로펜타실록산, 징크옥사이드, 티타늄디옥사이드 (CI 77891), 에칠헥실메톡시신나메이트, 티타늄디옥사이드, 라우릴피이지-9폴리디메 칠실록시에칠디메치콘, 부틸렌글라이콜디카프릴레이트/디카프레이트, 트리메칠실록시실리케이트, 사이클로헥사실록산, 폴리글리세릴-2트리이소 스테아레이트, 부틸렌글라이콜, 프로판디올, 나이아신아마이드, 소르비탄이소스테아레이트, 디메치콘, 메칠메타크릴레이트크로스폴리머, 글리세린, 디메치콘크로스폴리머, 디소듐이디티에이, 디스테아디모늄헥토라이트, 매실추출물, 소듐클로라이드, 스테아릭애씨드, 아데노신, 알루미 늄하이드록사이드, 에칠헥실글리세린, 연꽃추출물, 정제수, 카프릴릴글라이콜, 트리에톡시카프릴릴실란, 폴리소르베이트40, 폴리소르베이트80, 폴 리실리콘-11, 하이드로제네이티드레시틴, 황색산화철, 적색산화철, 흑색산화철, 향료

바닐라 : 해수, 사이클로펜타실록산, 징크옥사이드, 티타늄디옥사이드 (CI 77891), 에칠헥실메톡시신나메이트, 티타늄디옥사이드, 라우릴피이지-9폴리디메 칠실록시에칠디메치콘, 부틸렌글라이콜디카프릴레이트/디카프레이트, 트리메칠실록시실리케이트, 사이클로헥사실록산, 폴리글리세릴-2트리이소 스테아레이트, 부틸렌글라이콜, 프로판디올, 나이아신아마이드, 소르비탄이소스테아레이트, 디메치콘, 메칠메타크릴레이트크로스폴리머, 글리세린, 디메치콘크로스폴리머, 디소듐이디티에이, 디스테아디모늄헥토라이트, 매실추출물, 소듐클로라이드, 스테아릭애씨드, 아데노신, 알루미 늄하이드록사이드, 에칠헥실글리세린, 연꽃추출물, 정제수, 카프릴릴글라이콜, 트리에톡시카프릴릴실란, 폴리소르베이트40, 폴리소르베이트80, 폴 리실리콘-11, 하이드로제네이티드레시틴, 황색산화철, 적색산화철, 흑색산화철, 향료

페탈 : 해수, 사이클로펜타실록산, 징크옥사이드, 티타늄디옥사이드 (CI 77891), 에칠헥실메톡시신나메이트, 티타늄디옥사이드, 라우릴피이지-9폴리디메 칠실록시에칠디메치콘, 부틸렌글라이콜디카프릴레이트/디카프레이트, 트리메칠실록시실리케이트, 사이클로헥사실록산, 폴리글리세릴-2트리이소 스테아레이트, 부틸렌글라이콜, 프로판디올, 나이아신아마이드, 소르비탄이소스테아레이트, 디메치콘, 메칠메타크릴레이트크로스폴리머, 글리세린, 디메치콘크로스폴리머, 디소듐이디티에이, 디스테아디모늄헥토라이트, 매실추출물, 소듐클로라이드, 스테아릭애씨드, 아데노신, 알루미 늄하이드록사이드, 에칠헥실글리세린, 연꽃추출물, 정제수, 카프릴릴글라이콜, 트리에톡시카프릴릴실란, 폴리소르베이트40, 폴리소르베이트80, 폴 리실리콘-11, 하이드로제네이티드레시틴, 황색산화철, 적색산화철, 흑색산화철, 향료

베이지 : 해수, 사이클로펜타실록산, 징크옥사이드, 티타늄디옥사이드 (CI 77891), 에칠헥실메톡시신나메이트, 티타늄디옥사이드, 라우릴피이지-9폴리디메 칠실록시에칠디메치콘, 부틸렌글라이콜디카프릴레이트/디카프레이트, 트리메칠실록시실리케이트, 사이클로헥사실록산, 폴리글리세릴-2트리이소 스테아레이트, 부틸렌글라이콜, 프로판디올, 나이아신아마이드, 소르비탄이소스테아레이트, 디메치콘, 글리세린, 디메치콘크로스폴리머, 디소듐이디티에이, 디스테아디모늄헥토라이트, 매실추출물, 메칠메타크릴레이트크로스폴리머, 소듐클로라이드, 스테아릭애씨드, 아데노신, 알루미늄하이드록사이드, 에칠헥실글리세린, 연꽃추출물, 정제수, 카프릴릴글라이콜, 트리에톡시카프릴릴실란, 폴리소 르베이트40, 폴리소르베이트80, 폴리실리콘-11, 하이드로제네이티드레시틴, 황색산화철, 적색산화철, 흑색산화철, 향료

샌드 : 해수, 사이클로펜타실록산, 징크옥사이드, 티타늄디옥사이드 (CI 77891), 에칠헥실메톡시신나메이트, 티타늄디옥사이드, 라우릴피이지-9폴리디메 칠실록시에칠디메치콘, 부틸렌글라이콜디카프릴레이트/디카프레이트, 트리메칠실록시실리케이트, 사이클로헥사실록산, 폴리글리세릴-2트리이소 스테아레이트, 부틸렌글라이콜, 프로판디올, 나이아신아마이드, 소르비탄이소스테아레이트, 디메치콘, 글리세린, 디메치콘크로스폴리머, 디소듐이디티에이, 디스테아디모늄헥토라이트, 매실추출물, 메칠메타크릴레이트크로스폴리머, 소듐클로라이드, 스테아릭애씨드, 아데노신, 알루미늄하이드록사이드, 에칠헥실글리세린, 연꽃추출물, 정제수, 카프릴릴글라이콜, 트리에톡시카프릴릴실란, 폴리소 르베이트40, 폴리소르베이트80, 폴리실리콘-11, 하이드로제네이티드레시틴, 황색산화철, 적색산화철, 흑색산화철, 향료

탠 : 해수, 사이클로펜타실록산, 징크옥사이드, 티타늄디옥사이드 (CI 77891), 에칠헥실메톡시신나메이트, 티타늄디옥사이드, 라우릴피이지-9폴리디메 칠실록시에칠디메치콘, 부틸렌글라이콜디카프릴레이트/디카프레이트, 트리메칠실록시실리케이트, 사이클로헥사실록산, 폴리글리세릴-2트리이소 스테아레이트, 부틸렌글라이콜, 프로판디올, 나이아신아마이드, 소르비탄이소스테아레이트, 디메치콘, 글리세린, 디메치콘크로스폴리머, 디소듐이디티에이, 디스테아디모늄헥토라이트, 매실추출물, 메칠메타크릴레이트크로스폴리머, 소듐클로라이드, 스테아릭애씨드, 아데노신, 알루미늄하이드록사이드, 에칠헥실글리세린, 연꽃추출물, 정제수, 카프릴릴글라이콜, 트리에톡시카프릴릴실란, 폴리소 르베이트40, 폴리소르베이트80, 폴리실리콘-11, 하이드로제네이티드레시틴, 황색산화철, 적색산화철, 흑색산화철, 향료",http://image.etude.co.kr/upload/product/320_20170404163845704.jpg,http://www.etude.co.kr/product.do?method=view&prdCd=103001376
